img_id,latency_ms,num_preds,num_gts,tp,fp,fn,precision,recall,f1,sensitivity,specificity,mean_iou,mean_dice
0,31.278371810913086,2,2,0,2,2,0.0,0.0,0.0,0.0,0.0,0.0,0.0
1,21.35610580444336,1,1,1,0,0,1.0,1.0,1.0,1.0,1.0,0.6574772316327776,0.7933469239696259
2,22.128582000732422,2,2,0,2,2,0.0,0.0,0.0,0.0,0.0,0.0,0.0
3,21.202564239501953,2,2,1,1,1,0.5,0.5,0.5,0.5,0.5,0.5990475601459583,0.7492554631599304
4,21.757841110229492,2,2,0,2,2,0.0,0.0,0.0,0.0,0.0,0.0,0.0
5,21.1789608001709,3,3,3,0,0,1.0,1.0,1.0,1.0,1.0,0.7882331693802409,0.8779953141147842
6,20.98846435546875,3,2,2,1,0,0.6666666666666666,1.0,0.8,1.0,0.6666666666666667,0.8920681797725232,0.9428713287682325
7,20.930051803588867,3,2,2,1,0,0.6666666666666666,1.0,0.8,1.0,0.6666666666666667,0.8476580334184844,0.9164392496056
8,21.7742919921875,3,2,2,1,0,0.6666666666666666,1.0,0.8,1.0,0.6666666666666667,0.8917750825663613,0.9426978707477787
9,20.810365676879883,4,2,2,2,0,0.5,1.0,0.6666666666666666,1.0,0.5,0.8697689666221595,0.9302095324026467
10,21.127700805664062,3,2,2,1,0,0.6666666666666666,1.0,0.8,1.0,0.6666666666666667,0.8704463774338413,0.930628295800471
11,21.12603187561035,3,2,2,1,0,0.6666666666666666,1.0,0.8,1.0,0.6666666666666667,0.8981004844542986,0.946314824475893
12,20.894289016723633,3,2,2,1,0,0.6666666666666666,1.0,0.8,1.0,0.6666666666666667,0.8740258645940686,0.9327411621409654
13,21.503686904907227,3,2,2,1,0,0.6666666666666666,1.0,0.8,1.0,0.6666666666666667,0.8727150444995833,0.9320288875705509
14,24.17302131652832,3,2,2,1,0,0.6666666666666666,1.0,0.8,1.0,0.6666666666666667,0.8957568971192741,0.9449630396952902
15,21.230220794677734,3,2,2,1,0,0.6666666666666666,1.0,0.8,1.0,0.6666666666666667,0.899959708984619,0.9471861853383852
16,21.259307861328125,3,2,2,1,0,0.6666666666666666,1.0,0.8,1.0,0.6666666666666667,0.9080065501277372,0.9515547983898275
17,21.3620662689209,3,2,2,1,0,0.6666666666666666,1.0,0.8,1.0,0.6666666666666667,0.8916171607976687,0.9426698601376783
18,20.875215530395508,3,2,2,1,0,0.6666666666666666,1.0,0.8,1.0,0.6666666666666667,0.8969390516746267,0.9456661860588297
19,20.824909210205078,3,2,2,1,0,0.6666666666666666,1.0,0.8,1.0,0.6666666666666667,0.8909667694556028,0.9419712756404675
20,21.29673957824707,3,2,2,1,0,0.6666666666666666,1.0,0.8,1.0,0.6666666666666667,0.8899127315183325,0.9414719371298177
21,21.152019500732422,3,2,2,1,0,0.6666666666666666,1.0,0.8,1.0,0.6666666666666667,0.890785092907058,0.9420005583725939
22,21.61860466003418,3,2,2,1,0,0.6666666666666666,1.0,0.8,1.0,0.6666666666666667,0.8883685214890433,0.9404929713467085
23,21.03257179260254,3,2,2,1,0,0.6666666666666666,1.0,0.8,1.0,0.6666666666666667,0.9086815110111466,0.9520617208477151
24,21.14725112915039,3,2,2,1,0,0.6666666666666666,1.0,0.8,1.0,0.6666666666666667,0.8893176583825679,0.9412636172227015
25,21.070241928100586,3,2,2,1,0,0.6666666666666666,1.0,0.8,1.0,0.6666666666666667,0.9041088496659708,0.9493978033152608
26,21.231412887573242,3,2,2,1,0,0.6666666666666666,1.0,0.8,1.0,0.6666666666666667,0.8965667752018567,0.9454032745495089
27,21.132707595825195,3,2,2,1,0,0.6666666666666666,1.0,0.8,1.0,0.6666666666666667,0.8933076894885441,0.9435875972390293
28,21.038055419921875,3,2,2,1,0,0.6666666666666666,1.0,0.8,1.0,0.6666666666666667,0.904670436862987,0.9498264129896967
29,20.978450775146484,3,2,2,1,0,0.6666666666666666,1.0,0.8,1.0,0.6666666666666667,0.9012862638811898,0.94782452675009
30,21.086692810058594,2,2,2,0,0,1.0,1.0,1.0,1.0,1.0,0.8876548735092763,0.940437944360553
31,21.198034286499023,2,2,2,0,0,1.0,1.0,1.0,1.0,1.0,0.887024234350712,0.9399567543420585
32,21.139144897460938,3,2,2,1,0,0.6666666666666666,1.0,0.8,1.0,0.6666666666666667,0.8815313158018427,0.9367708810461071
33,21.337032318115234,3,2,2,1,0,0.6666666666666666,1.0,0.8,1.0,0.6666666666666667,0.889155452291361,0.941161770358512
34,21.10433578491211,2,2,2,0,0,1.0,1.0,1.0,1.0,1.0,0.8986967735714484,0.9465819022635131
35,21.60477638244629,4,2,2,2,0,0.5,1.0,0.6666666666666666,1.0,0.5,0.8907502216772982,0.9420112934835942
36,21.46434783935547,2,2,2,0,0,1.0,1.0,1.0,1.0,1.0,0.9225914963711364,0.9597265603383602
37,21.51656150817871,3,2,2,1,0,0.6666666666666666,1.0,0.8,1.0,0.6666666666666667,0.8781693097356591,0.9349927305788801
38,21.248579025268555,2,2,2,0,0,1.0,1.0,1.0,1.0,1.0,0.8982225038516333,0.946176666324872
39,25.585651397705078,2,2,2,0,0,1.0,1.0,1.0,1.0,1.0,0.9059890163419573,0.9504870765538298
40,21.215200424194336,2,2,2,0,0,1.0,1.0,1.0,1.0,1.0,0.9033807963063911,0.9491485568027872
41,21.219730377197266,2,2,2,0,0,1.0,1.0,1.0,1.0,1.0,0.8997117515620534,0.9471415377823553
42,21.170616149902344,3,2,2,1,0,0.6666666666666666,1.0,0.8,1.0,0.6666666666666667,0.8927339557185157,0.9431964904667314
43,21.212100982666016,3,2,2,1,0,0.6666666666666666,1.0,0.8,1.0,0.6666666666666667,0.9102939555306935,0.9529429705043497
44,21.13962173461914,3,2,2,1,0,0.6666666666666666,1.0,0.8,1.0,0.6666666666666667,0.9211423407679442,0.9589403262362873
45,21.396636962890625,3,2,2,1,0,0.6666666666666666,1.0,0.8,1.0,0.6666666666666667,0.9048332974710405,0.9499370256389623
46,21.0263729095459,3,2,2,1,0,0.6666666666666666,1.0,0.8,1.0,0.6666666666666667,0.9044211843069914,0.9497354476863789
47,20.98870277404785,3,2,2,1,0,0.6666666666666666,1.0,0.8,1.0,0.6666666666666667,0.9091867313308923,0.9524003195002131
48,21.14391326904297,3,2,2,1,0,0.6666666666666666,1.0,0.8,1.0,0.6666666666666667,0.9210264407897455,0.9588236986856491
49,21.216154098510742,3,2,2,1,0,0.6666666666666666,1.0,0.8,1.0,0.6666666666666667,0.8812512801234538,0.9367687412132581
50,21.117687225341797,3,2,2,1,0,0.6666666666666666,1.0,0.8,1.0,0.6666666666666667,0.9086008250604956,0.9520504903677725
51,25.06732940673828,3,2,2,1,0,0.6666666666666666,1.0,0.8,1.0,0.6666666666666667,0.8902837764322391,0.9417254504303445
52,21.245241165161133,3,2,2,1,0,0.6666666666666666,1.0,0.8,1.0,0.6666666666666667,0.8958889144967864,0.9448819469129037
53,21.344661712646484,3,2,2,1,0,0.6666666666666666,1.0,0.8,1.0,0.6666666666666667,0.8772994500511895,0.9343533086927605
54,21.027803421020508,3,2,2,1,0,0.6666666666666666,1.0,0.8,1.0,0.6666666666666667,0.8966076547337148,0.9452328097205369
55,21.126508712768555,3,2,2,1,0,0.6666666666666666,1.0,0.8,1.0,0.6666666666666667,0.899022469610422,0.9466836606853155
56,20.86949348449707,3,2,2,1,0,0.6666666666666666,1.0,0.8,1.0,0.6666666666666667,0.8000971560392185,0.8843423533507424
57,21.197080612182617,3,2,2,1,0,0.6666666666666666,1.0,0.8,1.0,0.6666666666666667,0.89574976865887,0.9448197869567063
58,22.47023582458496,3,2,2,1,0,0.6666666666666666,1.0,0.8,1.0,0.6666666666666667,0.8888300310223923,0.941003012279019
59,21.37136459350586,3,2,2,1,0,0.6666666666666666,1.0,0.8,1.0,0.6666666666666667,0.897755548982927,0.9460188929567865
60,21.17609977722168,3,2,2,1,0,0.6666666666666666,1.0,0.8,1.0,0.6666666666666667,0.895977509061765,0.9450085346381283
61,22.42112159729004,3,2,2,1,0,0.6666666666666666,1.0,0.8,1.0,0.6666666666666667,0.899612510934518,0.9470688969004425
62,23.67424964904785,3,2,2,1,0,0.6666666666666666,1.0,0.8,1.0,0.6666666666666667,0.9004002465002312,0.9475209604414553
63,21.11077308654785,3,2,2,1,0,0.6666666666666666,1.0,0.8,1.0,0.6666666666666667,0.9031799484787213,0.9490453642585759
64,22.362232208251953,3,2,2,1,0,0.6666666666666666,1.0,0.8,1.0,0.6666666666666667,0.8961569325705294,0.9449896775704968
65,21.58212661743164,3,2,2,1,0,0.6666666666666666,1.0,0.8,1.0,0.6666666666666667,0.8871325634634994,0.9401185519151072
66,21.15464210510254,3,2,2,1,0,0.6666666666666666,1.0,0.8,1.0,0.6666666666666667,0.7457770235289705,0.8454571549389891
67,24.018049240112305,3,2,2,1,0,0.6666666666666666,1.0,0.8,1.0,0.6666666666666667,0.8968619342472082,0.9454006873026963
68,21.40974998474121,2,2,2,0,0,1.0,1.0,1.0,1.0,1.0,0.8857681997288863,0.9393134741307433
69,21.067380905151367,3,2,2,1,0,0.6666666666666666,1.0,0.8,1.0,0.6666666666666667,0.8967808206332288,0.945541447675565
70,21.996259689331055,2,2,2,0,0,1.0,1.0,1.0,1.0,1.0,0.9004982269390296,0.9475100894196935
71,22.19843864440918,3,2,2,1,0,0.6666666666666666,1.0,0.8,1.0,0.6666666666666667,0.8925817624806666,0.9431116693386736
72,20.926713943481445,2,2,2,0,0,1.0,1.0,1.0,1.0,1.0,0.8928825442695085,0.9432165217903367
73,20.930051803588867,3,2,2,1,0,0.6666666666666666,1.0,0.8,1.0,0.6666666666666667,0.9012948737564186,0.948021315032876
74,21.08597755432129,3,2,2,1,0,0.6666666666666666,1.0,0.8,1.0,0.6666666666666667,0.9028987334705469,0.948853573054947
75,21.003246307373047,3,2,2,1,0,0.6666666666666666,1.0,0.8,1.0,0.6666666666666667,0.8961226903469403,0.9451034602819004
76,20.656824111938477,3,2,2,1,0,0.6666666666666666,1.0,0.8,1.0,0.6666666666666667,0.9032583205336877,0.9491408489320086
77,20.862579345703125,3,2,2,1,0,0.6666666666666666,1.0,0.8,1.0,0.6666666666666667,0.894912507179941,0.9443613635085736
78,20.608901977539062,3,2,2,1,0,0.6666666666666666,1.0,0.8,1.0,0.6666666666666667,0.8862947748929897,0.9395237966220591
79,25.850772857666016,3,2,2,1,0,0.6666666666666666,1.0,0.8,1.0,0.6666666666666667,0.8962837552189675,0.9451254229149266
80,20.8585262298584,2,2,2,0,0,1.0,1.0,1.0,1.0,1.0,0.9012068430488533,0.9479079078186616
81,20.842313766479492,3,2,2,1,0,0.6666666666666666,1.0,0.8,1.0,0.6666666666666667,0.896374840476796,0.9451946649177192
82,21.052837371826172,3,2,2,1,0,0.6666666666666666,1.0,0.8,1.0,0.6666666666666667,0.8991729145037013,0.9467085552743183
83,20.853281021118164,2,2,2,0,0,1.0,1.0,1.0,1.0,1.0,0.8995616617941198,0.9469317336074788
84,20.813941955566406,2,2,2,0,0,1.0,1.0,1.0,1.0,1.0,0.8928800820758168,0.9433091918475984
85,21.51966094970703,2,2,2,0,0,1.0,1.0,1.0,1.0,1.0,0.8947449800822747,0.9441752262631022
86,20.839214324951172,2,2,2,0,0,1.0,1.0,1.0,1.0,1.0,0.9051098776261903,0.9499556998431737
87,20.86663246154785,2,2,2,0,0,1.0,1.0,1.0,1.0,1.0,0.895220120902186,0.9445673312790183
88,20.86639404296875,2,2,2,0,0,1.0,1.0,1.0,1.0,1.0,0.8969534880763687,0.945434192991499
89,20.855426788330078,2,2,2,0,0,1.0,1.0,1.0,1.0,1.0,0.8989251003792393,0.9467263256238962
90,20.67112922668457,3,2,2,1,0,0.6666666666666666,1.0,0.8,1.0,0.6666666666666667,0.9031947649966294,0.9490534028077148
91,21.09384536743164,2,2,2,0,0,1.0,1.0,1.0,1.0,1.0,0.9078787290563906,0.9516238902728262
92,20.77198028564453,3,2,2,1,0,0.6666666666666666,1.0,0.8,1.0,0.6666666666666667,0.9082073922280651,0.9517283622800515
93,20.870447158813477,3,2,2,1,0,0.6666666666666666,1.0,0.8,1.0,0.6666666666666667,0.8957354810184348,0.9449067118273755
94,21.214008331298828,3,2,2,1,0,0.6666666666666666,1.0,0.8,1.0,0.6666666666666667,0.893922591046681,0.9438765320258558
95,21.15488052368164,3,2,2,1,0,0.6666666666666666,1.0,0.8,1.0,0.6666666666666667,0.8953944603374167,0.9446322215595823
96,21.199464797973633,3,2,2,1,0,0.6666666666666666,1.0,0.8,1.0,0.6666666666666667,0.8884469601244855,0.9408450284899725
97,25.02727508544922,3,2,2,1,0,0.6666666666666666,1.0,0.8,1.0,0.6666666666666667,0.8951123001910082,0.9444573346449041
98,21.4693546295166,3,2,2,1,0,0.6666666666666666,1.0,0.8,1.0,0.6666666666666667,0.8797161791523909,0.9359150727892652
99,23.283720016479492,3,2,2,1,0,0.6666666666666666,1.0,0.8,1.0,0.6666666666666667,0.7670960357321132,0.855817763246021
100,21.317720413208008,4,2,2,2,0,0.5,1.0,0.6666666666666666,1.0,0.5,0.8348588659785474,0.9097547479394281
101,21.032094955444336,3,2,2,1,0,0.6666666666666666,1.0,0.8,1.0,0.6666666666666667,0.8691758982883511,0.9291635651459491
102,22.8426456451416,3,2,2,1,0,0.6666666666666666,1.0,0.8,1.0,0.6666666666666667,0.9034678089978538,0.949235841711936
103,21.126270294189453,3,2,2,1,0,0.6666666666666666,1.0,0.8,1.0,0.6666666666666667,0.7361530008784358,0.8325678110617227
104,20.832061767578125,3,2,1,2,1,0.3333333333333333,0.5,0.4,0.5,0.33333333333333337,0.9288694308524337,0.9631231808593019
105,21.146535873413086,3,2,2,1,0,0.6666666666666666,1.0,0.8,1.0,0.6666666666666667,0.7672084129295186,0.8664296593469409
106,20.734786987304688,3,2,1,2,1,0.3333333333333333,0.5,0.4,0.5,0.33333333333333337,0.9317446756575334,0.9646664876561735
107,20.633935928344727,3,2,2,1,0,0.6666666666666666,1.0,0.8,1.0,0.6666666666666667,0.7302573233031806,0.8331818712737203
108,21.079063415527344,3,2,1,2,1,0.3333333333333333,0.5,0.4,0.5,0.33333333333333337,0.6889728236423784,0.8158483239020557
109,21.0726261138916,3,2,2,1,0,0.6666666666666666,1.0,0.8,1.0,0.6666666666666667,0.8847981405228549,0.9387853227494717
110,21.086931228637695,3,2,2,1,0,0.6666666666666666,1.0,0.8,1.0,0.6666666666666667,0.7742131349086312,0.8661389319050128
111,21.062850952148438,3,2,1,2,1,0.3333333333333333,0.5,0.4,0.5,0.33333333333333337,0.8547353415148135,0.9216790367694482
112,21.110057830810547,3,2,1,2,1,0.3333333333333333,0.5,0.4,0.5,0.33333333333333337,0.8972127475237864,0.9458219682476992
113,21.0111141204834,3,2,2,1,0,0.6666666666666666,1.0,0.8,1.0,0.6666666666666667,0.8162567517936552,0.8973003010799991
114,21.033048629760742,2,2,1,1,1,0.5,0.5,0.5,0.5,0.5,0.9072371601275451,0.9513627136615503
115,21.049976348876953,3,2,2,1,0,0.6666666666666666,1.0,0.8,1.0,0.6666666666666667,0.8490551512197366,0.9168741986217296
116,21.204471588134766,4,2,1,3,1,0.25,0.5,0.3333333333333333,0.5,0.25,0.8804226529016954,0.9364093243006918
117,22.55988121032715,3,2,1,2,1,0.3333333333333333,0.5,0.4,0.5,0.33333333333333337,0.8902406933581175,0.9419336875840457
118,20.81775665283203,4,2,1,3,1,0.25,0.5,0.3333333333333333,0.5,0.25,0.8761787076804952,0.9340034657612205
119,21.13652229309082,3,2,1,2,1,0.3333333333333333,0.5,0.4,0.5,0.33333333333333337,0.8918578481676085,0.9428381197154244
120,20.852088928222656,3,2,1,2,1,0.3333333333333333,0.5,0.4,0.5,0.33333333333333337,0.8652631578947368,0.927765237020316
121,20.929813385009766,3,2,2,1,0,0.6666666666666666,1.0,0.8,1.0,0.6666666666666667,0.7321138873980259,0.8332938026136993
122,21.356821060180664,3,2,2,1,0,0.6666666666666666,1.0,0.8,1.0,0.6666666666666667,0.7614562855492053,0.8588024363737055
123,20.825862884521484,3,2,2,1,0,0.6666666666666666,1.0,0.8,1.0,0.6666666666666667,0.7199873051325685,0.8238478760498456
124,20.531654357910156,3,2,1,2,1,0.3333333333333333,0.5,0.4,0.5,0.33333333333333337,0.8964510051956371,0.945398539418802
125,20.925521850585938,3,2,2,1,0,0.6666666666666666,1.0,0.8,1.0,0.6666666666666667,0.7607809107502439,0.8612583529573976
126,20.82991600036621,2,2,1,1,1,0.5,0.5,0.5,0.5,0.5,0.8357474633950817,0.9105255271326127
127,20.85423469543457,3,2,1,2,1,0.3333333333333333,0.5,0.4,0.5,0.33333333333333337,0.7589890843063151,0.8629832795189112
128,20.424604415893555,3,2,1,2,1,0.3333333333333333,0.5,0.4,0.5,0.33333333333333337,0.9166139629015096,0.9564930451762679
129,21.013736724853516,3,2,2,1,0,0.6666666666666666,1.0,0.8,1.0,0.6666666666666667,0.9105893441074306,0.9531986301478194
130,20.98703384399414,3,2,2,1,0,0.6666666666666666,1.0,0.8,1.0,0.6666666666666667,0.9274897968367319,0.9621661480558972
131,20.841360092163086,3,1,1,2,0,0.3333333333333333,1.0,0.5,1.0,0.33333333333333337,0.8763465971583975,0.9340988477134942
132,21.816253662109375,4,2,1,3,1,0.25,0.5,0.3333333333333333,0.5,0.25,0.8474243843314418,0.9174117127809952
133,21.048307418823242,3,2,2,1,0,0.6666666666666666,1.0,0.8,1.0,0.6666666666666667,0.86020759288158,0.924715852376791
134,21.042823791503906,1,2,1,0,1,1.0,0.5,0.6666666666666666,0.5,1.0,0.8955311157591705,0.9448867479028488
135,20.930767059326172,3,2,1,2,1,0.3333333333333333,0.5,0.4,0.5,0.33333333333333337,0.6745657173551391,0.8056604890019713
136,20.853519439697266,2,2,2,0,0,1.0,1.0,1.0,1.0,1.0,0.8771440867450616,0.9343005681916523
137,20.96247673034668,2,2,1,1,1,0.5,0.5,0.5,0.5,0.5,0.9311039531025842,0.9643229735060482
138,20.859956741333008,2,2,1,1,1,0.5,0.5,0.5,0.5,0.5,0.9103376216286815,0.9530646429426041
139,21.1789608001709,3,2,1,2,1,0.3333333333333333,0.5,0.4,0.5,0.33333333333333337,0.9267008106551019,0.9619561122621962
140,20.870685577392578,2,2,2,0,0,1.0,1.0,1.0,1.0,1.0,0.7768810645288289,0.8701023427993994
141,20.528793334960938,3,2,1,2,1,0.3333333333333333,0.5,0.4,0.5,0.33333333333333337,0.7166881146700983,0.8349660122250298
142,20.447969436645508,2,2,1,1,1,0.5,0.5,0.5,0.5,0.5,0.9015951044609712,0.948251394154213
143,25.264501571655273,2,2,2,0,0,1.0,1.0,1.0,1.0,1.0,0.8008015752111871,0.8834344745907459
144,21.083354949951172,3,2,1,2,1,0.3333333333333333,0.5,0.4,0.5,0.33333333333333337,0.9255267903460883,0.9613232025504428
145,21.129608154296875,2,2,1,1,1,0.5,0.5,0.5,0.5,0.5,0.9019422074846044,0.9484433374844333
146,22.435903549194336,2,2,1,1,1,0.5,0.5,0.5,0.5,0.5,0.837867172860237,0.9117820756940564
147,20.964384078979492,2,2,1,1,1,0.5,0.5,0.5,0.5,0.5,0.9052127193570592,0.9502484527423646
148,21.083593368530273,2,2,2,0,0,1.0,1.0,1.0,1.0,1.0,0.7168987979660186,0.8281880423738469
149,21.078109741210938,2,2,1,1,1,0.5,0.5,0.5,0.5,0.5,0.7758194397187251,0.873759372565049
150,20.94745635986328,2,2,1,1,1,0.5,0.5,0.5,0.5,0.5,0.9280674446718236,0.9626918884362885
151,20.80082893371582,1,2,1,0,1,1.0,0.5,0.6666666666666666,0.5,1.0,0.9483681754251374,0.9734999651369298
152,23.810863494873047,2,2,1,1,1,0.5,0.5,0.5,0.5,0.5,0.9053418929265563,0.9503196211531091
153,20.94554901123047,2,2,1,1,1,0.5,0.5,0.5,0.5,0.5,0.803343540946548,0.8909489763940209
154,21.076679229736328,3,2,1,2,1,0.3333333333333333,0.5,0.4,0.5,0.33333333333333337,0.9225253173294785,0.9597016060219486
155,21.024227142333984,2,2,1,1,1,0.5,0.5,0.5,0.5,0.5,0.9607303071449442,0.9799719050029695
156,20.88618278503418,3,2,2,1,0,0.6666666666666666,1.0,0.8,1.0,0.6666666666666667,0.7445551714282599,0.8522207533426462
157,20.882368087768555,2,2,1,1,1,0.5,0.5,0.5,0.5,0.5,0.9153166263616325,0.9557862274713118
158,20.92766761779785,1,2,1,0,1,1.0,0.5,0.6666666666666666,0.5,1.0,0.9239313596660741,0.9604618740935078
159,20.91193199157715,4,2,1,3,1,0.25,0.5,0.3333333333333333,0.5,0.25,0.9375630373180923,0.9677755193099004
160,21.234750747680664,1,2,1,0,1,1.0,0.5,0.6666666666666666,0.5,1.0,0.9430467199584547,0.9706886718386457
161,20.979881286621094,1,2,1,0,1,1.0,0.5,0.6666666666666666,0.5,1.0,0.9252338792606155,0.9611651750237752
162,20.96414566040039,2,2,1,1,1,0.5,0.5,0.5,0.5,0.5,0.9614533332820097,0.9803479052680331
163,21.293163299560547,2,2,2,0,0,1.0,1.0,1.0,1.0,1.0,0.7891096956923831,0.8802656197553346
164,20.92742919921875,2,2,1,1,1,0.5,0.5,0.5,0.5,0.5,0.8850144283994459,0.9390001636761011
165,20.786046981811523,4,2,1,3,1,0.25,0.5,0.3333333333333333,0.5,0.25,0.8523794177677516,0.9203075888145305
166,20.785808563232422,4,2,1,3,1,0.25,0.5,0.3333333333333333,0.5,0.25,0.9196150346082784,0.9581244343566391
167,20.617246627807617,2,2,2,0,0,1.0,1.0,1.0,1.0,1.0,0.8275630022826868,0.9049675350850679
168,22.34649658203125,1,2,1,0,1,1.0,0.5,0.6666666666666666,0.5,1.0,0.9147561163255885,0.9554805528768885
169,20.99609375,2,2,2,0,0,1.0,1.0,1.0,1.0,1.0,0.8012068999247567,0.8866197265902824
170,20.626306533813477,3,2,1,2,1,0.3333333333333333,0.5,0.4,0.5,0.33333333333333337,0.8785334884862301,0.9353397145921255
171,23.32615852355957,2,2,1,1,1,0.5,0.5,0.5,0.5,0.5,0.8533867043403186,0.9208943846870501
172,20.869970321655273,2,2,1,1,1,0.5,0.5,0.5,0.5,0.5,0.952774866775179,0.9758163964375428
173,20.888805389404297,2,2,2,0,0,1.0,1.0,1.0,1.0,1.0,0.779797833670734,0.8758659973744765
174,20.937442779541016,2,2,1,1,1,0.5,0.5,0.5,0.5,0.5,0.924250055511327,0.9606340432358496
175,20.824193954467773,2,2,2,0,0,1.0,1.0,1.0,1.0,1.0,0.7881393249515655,0.8781520337477892
176,21.03900909423828,3,2,1,2,1,0.3333333333333333,0.5,0.4,0.5,0.33333333333333337,0.7958488183893643,0.8863205078734122
177,20.93052864074707,3,2,1,2,1,0.3333333333333333,0.5,0.4,0.5,0.33333333333333337,0.9661283683993899,0.9827724210967034
178,20.81894874572754,2,2,1,1,1,0.5,0.5,0.5,0.5,0.5,0.9419540498806794,0.9701095141139476
179,21.023988723754883,2,2,1,1,1,0.5,0.5,0.5,0.5,0.5,0.9256656906317126,0.9613981233970564
180,20.711421966552734,3,2,2,1,0,0.6666666666666666,1.0,0.8,1.0,0.6666666666666667,0.7747221802791724,0.8728975610439702
181,21.203279495239258,3,2,1,2,1,0.3333333333333333,0.5,0.4,0.5,0.33333333333333337,0.9484068260728765,0.9735203278716116
182,20.542383193969727,2,2,2,0,0,1.0,1.0,1.0,1.0,1.0,0.8005137896449506,0.8859515398135953
183,20.55215835571289,2,2,1,1,1,0.5,0.5,0.5,0.5,0.5,0.8996622700926475,0.9471812798058789
184,20.540952682495117,2,2,2,0,0,1.0,1.0,1.0,1.0,1.0,0.8488611252595525,0.9151675805145619
185,21.333932876586914,1,2,1,0,1,1.0,0.5,0.6666666666666666,0.5,1.0,0.693864451576364,0.8192679773527708
186,20.569801330566406,2,2,1,1,1,0.5,0.5,0.5,0.5,0.5,0.9346279713144502,0.9662095091899587
187,20.60103416442871,2,2,1,1,1,0.5,0.5,0.5,0.5,0.5,0.8495842477199058,0.9186759119161396
188,20.58577537536621,1,2,1,0,1,1.0,0.5,0.6666666666666666,0.5,1.0,0.6738016344778511,0.805115278415947
189,20.7059383392334,2,2,2,0,0,1.0,1.0,1.0,1.0,1.0,0.8389507176687119,0.9124092024278061
190,20.428180694580078,2,2,1,1,1,0.5,0.5,0.5,0.5,0.5,0.8914911131465142,0.9426331500585375
191,20.975112915039062,2,2,2,0,0,1.0,1.0,1.0,1.0,1.0,0.8052953026081392,0.8897263316797375
192,20.690202713012695,3,2,2,1,0,0.6666666666666666,1.0,0.8,1.0,0.6666666666666667,0.7538459374078609,0.8561806507656724
193,20.7369327545166,2,2,2,0,0,1.0,1.0,1.0,1.0,1.0,0.7546823538968284,0.8582667773284488
194,20.880460739135742,3,2,1,2,1,0.3333333333333333,0.5,0.4,0.5,0.33333333333333337,0.9335082272743387,0.9656108146902511
195,20.9500789642334,2,2,1,1,1,0.5,0.5,0.5,0.5,0.5,0.874536530244712,0.9330696053499105
196,20.664453506469727,4,2,1,3,1,0.25,0.5,0.3333333333333333,0.5,0.25,0.8326186892315203,0.908665500492812
197,20.66946029663086,4,2,1,3,1,0.25,0.5,0.3333333333333333,0.5,0.25,0.8829962855963681,0.9378630136986301
198,20.719528198242188,2,2,1,1,1,0.5,0.5,0.5,0.5,0.5,0.9111790414456885,0.9535255689665141
199,20.859479904174805,2,2,1,1,1,0.5,0.5,0.5,0.5,0.5,0.718634001484781,0.8362850971922245
200,20.34139633178711,2,2,2,0,0,1.0,1.0,1.0,1.0,1.0,0.8839390046197892,0.9381926660042401
201,20.348548889160156,2,2,2,0,0,1.0,1.0,1.0,1.0,1.0,0.8108466157566843,0.8954796373891982
202,20.884037017822266,2,2,2,0,0,1.0,1.0,1.0,1.0,1.0,0.6713234477560647,0.8024439225697642
