img_id,latency_ms,num_preds,num_gts,tp,fp,fn,precision_box,recall_box,f1_box,sensitivity_box,specificity_box,mean_iou_box,mean_dice_box,tp_pixels,fp_pixels,fn_pixels,tn_pixels,sensitivity_pixel,specificity_pixel,precision_pixel,dice_pixel,iou_pixel,accuracy_pixel
0,1729.6557426452637,2,2,2,0,0,1.0,1.0,1.0,1.0,1.0,0.8742269277572632,0.9323963684108273,530280,2676,57437,458183,0.9022709909701438,0.9941934517932817,0.9949789476054308,0.9463599105180548,0.8981813808768058,0.9426717758178711
1,44.20661926269531,1,1,1,0,0,1.0,1.0,1.0,1.0,1.0,0.8761890530586243,0.9340093437068429,395560,0,55175,597841,0.877588827137897,1.0,1.0,0.9348040576867405,0.877588827137897,0.9473810195922852
2,76.15494728088379,2,2,2,0,0,1.0,1.0,1.0,1.0,1.0,0.8540945649147034,0.9211032086808237,513633,846,73755,460342,0.8744356370916668,0.9981656070843127,0.9983556180135632,0.9322958215465206,0.8731780209916462,0.9288549423217773
3,43.70617866516113,2,2,2,0,0,1.0,1.0,1.0,1.0,1.0,0.8574740886688232,0.9229918987490568,513160,0,71788,463628,0.877274561157573,1.0,1.0,0.9346257380876927,0.877274561157573,0.9315376281738281
4,48.81024360656738,2,2,1,1,1,0.5,0.5,0.5,0.5,0.5,0.863490879535675,0.9267454850659967,421674,0,157945,468957,0.7275020315069036,1.0,1.0,0.8422589591657986,0.7275020315069036,0.8493719100952148
5,50.345659255981445,3,3,2,1,1,0.6666666666666666,0.6666666666666666,0.6666666666666666,0.6666666666666666,0.6666666666666667,0.810975968837738,0.8951458411873203,318059,0,348235,382282,0.4773553416359745,1.0,1.0,0.6462295538287586,0.4773553416359745,0.6678972244262695
6,48.05254936218262,2,2,2,0,0,1.0,1.0,1.0,1.0,1.0,0.8930211067199707,0.9434708285484648,314529,19978,18457,695612,0.9445712432354514,0.9720817786721446,0.9402762871927942,0.9424188718083935,0.8911078750240817,0.9633455276489258
7,41.65530204772949,3,2,2,1,0,0.6666666666666666,1.0,0.8,1.0,0.6666666666666667,0.758895993232727,0.8563818840068018,156767,3225,47224,841360,0.7684995906682157,0.9961815566224832,0.9798427421371069,0.8613973729542314,0.7565390703420585,0.9518880844116211
8,40.7719612121582,2,2,2,0,0,1.0,1.0,1.0,1.0,1.0,0.882405161857605,0.9374923523114886,307730,13856,24479,702511,0.9263144586690908,0.9806579588395333,0.9569135472315337,0.9413654127058175,0.8892260124543078,0.9634408950805664
9,43.84016990661621,4,2,2,2,0,0.5,1.0,0.6666666666666666,1.0,0.5,0.913711428642273,0.9548374137650433,311159,53770,20902,662745,0.9370537341030715,0.9249562116633986,0.8526562701237775,0.8928650339316202,0.8064644883381584,0.9287872314453125
10,41.12648963928223,1,2,1,0,1,1.0,0.5,0.6666666666666666,0.5,1.0,0.851327121257782,0.9196938903799937,89154,234,243675,715513,0.26786728319948083,0.9996730688357758,0.9973821989528796,0.4223136444056019,0.26767908774015725,0.767390251159668
11,38.86699676513672,1,2,1,0,1,1.0,0.5,0.6666666666666666,0.5,1.0,0.9068610072135925,0.9511558564394228,94325,490,238271,715490,0.2836023283503109,0.9993156233414341,0.9948320413436692,0.4413784390200533,0.2831851233615343,0.7722997665405273
12,36.65041923522949,1,2,1,0,1,1.0,0.5,0.6666666666666666,0.5,1.0,0.8863814473152161,0.9397690467924761,92444,0,239888,716244,0.27816761551701313,1.0,1.0,0.4352599958566397,0.27816761551701313,0.7712249755859375
13,38.59281539916992,2,2,2,0,0,1.0,1.0,1.0,1.0,1.0,0.8640075325965881,0.9268315680604232,315553,35924,18310,678789,0.9451571452961245,0.9497364676450547,0.8977913206269542,0.9208655557825313,0.8533371914101902,0.9482784271240234
14,40.595293045043945,2,2,2,0,0,1.0,1.0,1.0,1.0,1.0,0.9165942668914795,0.9564821687272148,312761,10430,17440,707945,0.9471836850887793,0.9854811205846529,0.9677280617343924,0.9573456669197051,0.9181812577246345,0.9734210968017578
15,37.21117973327637,1,2,1,0,1,1.0,0.5,0.6666666666666666,0.5,1.0,0.9086151123046875,0.952119792457808,94354,494,238531,715197,0.2834432311458912,0.9993097579821459,0.9947916666666666,0.44118176526010383,0.28302322581806294,0.7720479965209961
16,37.36472129821777,1,2,1,0,1,1.0,0.5,0.6666666666666666,0.5,1.0,0.8932693004608154,0.9436262450813486,93940,0,241139,713497,0.2803517976357814,1.0,1.0,0.4379293224775593,0.2803517976357814,0.7700319290161133
17,36.5605354309082,1,2,1,0,1,1.0,0.5,0.6666666666666666,0.5,1.0,0.9011134505271912,0.9479849298602422,94080,0,241655,712841,0.2802210076399541,1.0,1.0,0.4377697381431546,0.2802210076399541,0.7695398330688477
18,37.20259666442871,1,2,1,0,1,1.0,0.5,0.6666666666666666,0.5,1.0,0.9098941087722778,0.9528215251233775,93835,0,241751,712990,0.27961535940116694,1.0,1.0,0.4370303268820109,0.27961535940116694,0.7694482803344727
19,38.85960578918457,2,2,2,0,0,1.0,1.0,1.0,1.0,1.0,0.9073874354362488,0.9514447882210204,311784,10800,20548,705444,0.9381702634714683,0.9849213396552013,0.9665203481883788,0.9521343195157852,0.9086415723395078,0.9701042175292969
20,36.94868087768555,1,2,1,0,1,1.0,0.5,0.6666666666666666,0.5,1.0,0.896541953086853,0.945449112399145,94325,490,239041,714720,0.2829472711674256,0.9993148865368213,0.9948320413436692,0.4405847060004998,0.282531989839931,0.7715654373168945
21,41.57257080078125,2,2,2,0,0,1.0,1.0,1.0,1.0,1.0,0.8773164749145508,0.9344610160666635,321351,36793,13074,677358,0.9609060327427674,0.9484800833437186,0.8972675795210865,0.9279970659963123,0.865666535566702,0.9524431228637695
22,37.33634948730469,1,2,1,0,1,1.0,0.5,0.6666666666666666,0.5,1.0,0.8989710211753845,0.9467980407820638,93835,0,238497,716244,0.282353188979695,1.0,1.0,0.4403672738621245,0.282353188979695,0.7725515365600586
23,42.19627380371094,1,2,1,0,1,1.0,0.5,0.6666666666666666,0.5,1.0,0.8943440914154053,0.9442255981564303,93835,245,239039,715457,0.28189344917296033,0.9996576787545655,0.9973958333333334,0.4395555493097617,0.28168612417784633,0.7718009948730469
24,36.56363487243652,1,2,1,0,1,1.0,0.5,0.6666666666666666,0.5,1.0,0.8935657143592834,0.943791607107372,93480,246,243484,711366,0.2774183592312532,0.9996543059982125,0.9973753280839895,0.4340941280271193,0.27721597817383825,0.7675609588623047
25,36.97371482849121,1,2,1,0,1,1.0,0.5,0.6666666666666666,0.5,1.0,0.8736886382102966,0.9325867920561481,90916,476,243231,713953,0.27208384333841096,0.9993337336530292,0.9947916666666666,0.42729808548687664,0.2716968050612181,0.767582893371582
26,36.321401596069336,1,2,1,0,1,1.0,0.5,0.6666666666666666,0.5,1.0,0.8620052337646484,0.9258891630737524,90534,474,243663,713905,0.2709000978464798,0.9993364866548429,0.9947916666666666,0.42583694923625076,0.27051641761610656,0.7671728134155273
27,36.736249923706055,1,2,1,0,1,1.0,0.5,0.6666666666666666,0.5,1.0,0.8983281850814819,0.9464413921062053,92202,484,238353,717537,0.27893088895947726,0.9993259250077644,0.9947780678851175,0.43569502954581435,0.27852307432054835,0.7722272872924805
28,36.46087646484375,1,2,1,0,1,1.0,0.5,0.6666666666666666,0.5,1.0,0.8768255114555359,0.934370836397605,91059,717,240234,716566,0.27485941447600765,0.9990003945444127,0.9921875,0.4304687887791353,0.27426583536640464,0.7702112197875977
29,37.18852996826172,1,2,1,0,1,1.0,0.5,0.6666666666666666,0.5,1.0,0.9068685173988342,0.951159987303054,94325,0,239843,714408,0.282268200426133,1.0,1.0,0.44026390162733114,0.282268200426133,0.7712678909301758
30,37.56308555603027,1,2,1,0,1,1.0,0.5,0.6666666666666666,0.5,1.0,0.8817146420478821,0.9371395878477158,91440,480,240887,715769,0.27515067990262604,0.999329841996289,0.9947780678851175,0.4310696363203511,0.2747538363075296,0.7698144912719727
31,43.42508316040039,1,2,1,0,1,1.0,0.5,0.6666666666666666,0.5,1.0,0.8710010647773743,0.9310535212132682,91059,478,240391,716648,0.27472922009352846,0.9993334504675608,0.9947780678851175,0.43055223919411234,0.2743335904171989,0.770289421081543
32,43.56861114501953,1,2,1,0,1,1.0,0.5,0.6666666666666666,0.5,1.0,0.8668725490570068,0.9286895878295289,88392,232,242927,717025,0.2667882010992427,0.9996765455060042,0.9973821989528796,0.42097141754952455,0.26660151831844875,0.7681055068969727
33,39.147138595581055,1,2,1,0,1,1.0,0.5,0.6666666666666666,0.5,1.0,0.8613171577453613,0.9254920948439399,89770,470,242970,715366,0.26979022660335394,0.9993434250303143,0.9947916666666666,0.42446451368859045,0.2694096815821854,0.7678375244140625
34,36.6816520690918,1,2,1,0,1,1.0,0.5,0.6666666666666666,0.5,1.0,0.8739778995513916,0.9327515546054324,91298,478,240802,715998,0.27491117133393556,0.9993328457617562,0.9947916666666666,0.43077692532721834,0.2745160533769522,0.7698974609375
35,39.25919532775879,3,2,2,1,0,0.6666666666666666,1.0,0.8,1.0,0.6666666666666667,0.912621259689331,0.9541723141021474,308256,8271,20660,711389,0.9371876102105097,0.9885070727843704,0.9738695277180146,0.9551765221715938,0.914198945985462,0.9724092483520508
36,36.34238243103027,1,2,1,0,1,1.0,0.5,0.6666666666666666,0.5,1.0,0.9127224087715149,0.9543699645969324,93208,244,235691,719433,0.2833939902523267,0.9996609590135574,0.9973890339425587,0.4413769589748811,0.28318390486809686,0.7749948501586914
37,39.15262222290039,2,2,1,1,1,0.5,0.5,0.5,0.5,0.5,0.856751561164856,0.9228499698983555,90297,3529,241923,712827,0.27179880801878276,0.9950736784503794,0.9623878242704581,0.4238838059740028,0.26894197748913623,0.7659187316894531
38,37.12916374206543,1,2,1,0,1,1.0,0.5,0.6666666666666666,0.5,1.0,0.8726166486740112,0.9319757455877645,89154,468,241401,717553,0.2697100331261061,0.9993482084785821,0.9947780678851175,0.4243640180209769,0.26932871733988273,0.7693357467651367
39,37.384748458862305,1,2,1,0,1,1.0,0.5,0.6666666666666666,0.5,1.0,0.8811203241348267,0.9368037895609633,91440,720,239853,716563,0.27600945386712067,0.9989962120948078,0.9921875,0.43187791797436786,0.2754109025851397,0.7705717086791992
40,37.325382232666016,1,2,1,0,1,1.0,0.5,0.6666666666666666,0.5,1.0,0.8959953784942627,0.9451451081129035,94107,494,238225,715750,0.28317164762947894,0.9993102909064508,0.9947780678851175,0.4408513748058829,0.2827513475509726,0.7723398208618164
41,43.175697326660156,1,2,1,0,1,1.0,0.5,0.6666666666666666,0.5,1.0,0.908401370048523,0.9520024291592559,94869,498,238786,714423,0.2843326190226432,0.9993034195386623,0.9947780678851175,0.442257040431493,0.2839088680933584,0.7718009948730469
42,36.50236129760742,1,2,1,0,1,1.0,0.5,0.6666666666666666,0.5,1.0,0.8773288726806641,0.9346565595914091,91821,723,242445,713587,0.2746944050546571,0.9989878344136299,0.9921875,0.430266394882969,0.2741015376624307,0.768096923828125
43,37.20355033874512,1,2,1,0,1,1.0,0.5,0.6666666666666666,0.5,1.0,0.8784304261207581,0.9352813007132229,92444,484,239548,716100,0.27845249283115253,0.9993245732531009,0.9947916666666666,0.4351124917631554,0.2780471372369735,0.771087646484375
44,36.913394927978516,1,2,1,0,1,1.0,0.5,0.6666666666666666,0.5,1.0,0.9089630842208862,0.9523108034243265,93208,488,236317,718563,0.2828556255215841,0.9993213276944195,0.9947916666666666,0.44046963643108444,0.2824373585283004,0.774165153503418
45,36.43941879272461,1,2,1,0,1,1.0,0.5,0.6666666666666666,0.5,1.0,0.8702775239944458,0.9306399855950258,90820,478,242564,714714,0.27241859237395916,0.9993316480050113,0.9947643979057592,0.4277082617111156,0.2720285626995585,0.7682170867919922
46,36.98325157165527,1,2,1,0,1,1.0,0.5,0.6666666666666666,0.5,1.0,0.8905774354934692,0.9421221461484491,92964,488,240691,714433,0.278623128680823,0.9993174070981269,0.9947780678851175,0.43531948668600606,0.2782162128190625,0.769993782043457
47,37.03761100769043,1,2,1,0,1,1.0,0.5,0.6666666666666666,0.5,1.0,0.8877203464508057,0.9405210343998799,92444,242,239804,716086,0.27823794274156655,0.9996621659351582,0.9973890339425587,0.43509815641958516,0.2780354296369816,0.7710742950439453
48,45.456886291503906,2,2,2,0,0,1.0,1.0,1.0,1.0,1.0,0.8986226320266724,0.9465969982646857,312503,14712,18715,702646,0.9434964283342089,0.9794914115406812,0.9550387359992666,0.9492324959411208,0.9033706241147053,0.9681215286254883
49,46.70834541320801,1,2,1,0,1,1.0,0.5,0.6666666666666666,0.5,1.0,0.8928306102752686,0.9433814155672672,93480,738,241830,712528,0.27878679430974324,0.9989653228949649,0.9921671018276762,0.43526848075096386,0.2781745464933581,0.7686691284179688
50,48.680782318115234,2,2,1,1,1,0.5,0.5,0.5,0.5,0.5,0.9152593612670898,0.9557550061121498,149306,741,183464,715065,0.4486762628842744,0.9989648033126294,0.9950615473818204,0.6184786368334172,0.4476793868867893,0.8243284225463867
51,45.62950134277344,1,2,1,0,1,1.0,0.5,0.6666666666666666,0.5,1.0,0.8811627626419067,0.9368277749708387,91200,480,241416,715480,0.27419005700266974,0.9993295714844405,0.9947643979057592,0.4298885683579388,0.2737949419987031,0.7693099975585938
52,47.69492149353027,2,2,1,1,1,0.5,0.5,0.5,0.5,0.5,0.8822057843208313,0.9374169303588272,149455,720,184043,714358,0.44814361705317574,0.9989931168348068,0.9952055934742801,0.6180001778060797,0.4471781890861653,0.823796272277832
53,50.67729949951172,1,2,1,0,1,1.0,0.5,0.6666666666666666,0.5,1.0,0.8975377678871155,0.9460025334689518,94107,741,242247,711481,0.2797855830464332,0.9989595940591557,0.9921875,0.4364868437530438,0.27917056022782893,0.7682685852050781
54,47.35875129699707,1,2,1,0,1,1.0,0.5,0.6666666666666666,0.5,1.0,0.8930727243423462,0.9435165515393497,92583,729,243003,712261,0.27588457206200495,0.9989775452671146,0.9921875,0.4317250255305457,0.2752865617055439,0.7675590515136719
55,47.15847969055176,1,2,1,0,1,1.0,0.5,0.6666666666666666,0.5,1.0,0.8976852297782898,0.9460844355975391,93069,486,241805,713216,0.2779224424708995,0.9993190435223664,0.9948051948051948,0.4344663876628333,0.27751968034351143,0.7689332962036133
56,46.91958427429199,1,2,1,0,1,1.0,0.5,0.6666666666666666,0.5,1.0,0.698607325553894,0.8225648330182341,91339,723,270399,686115,0.25250042848691595,0.9989473500301381,0.9921465968586387,0.4025517849272807,0.251996766548677,0.7414379119873047
57,45.57919502258301,1,2,1,0,1,1.0,0.5,0.6666666666666666,0.5,1.0,0.8829385042190552,0.937830420102065,92202,484,244099,711791,0.27416510804309235,0.9993204871713874,0.9947780678851175,0.42985917988190786,0.2737711002568404,0.7667474746704102
58,44.07763481140137,1,2,1,0,1,1.0,0.5,0.6666666666666666,0.5,1.0,0.876604437828064,0.9342452998167525,91776,478,244293,712029,0.2730867768226168,0.999329129398027,0.9948186528497409,0.42853640827132794,0.2726989098105168,0.7665681838989258
59,46.03743553161621,1,2,1,0,1,1.0,0.5,0.6666666666666666,0.5,1.0,0.90180903673172,0.9483697041228586,93972,492,240677,713435,0.28080765219677933,0.9993108539108341,0.9947916666666666,0.437982536068588,0.2803954156608711,0.7700033187866211
60,44.89016532897949,1,2,1,0,1,1.0,0.5,0.6666666666666666,0.5,1.0,0.8853256106376648,0.939175286902537,91680,240,246637,710019,0.2709884516592427,0.9996620950948879,0.9973890339425587,0.42618370804928446,0.27079635039299144,0.7645597457885742
61,46.514034271240234,1,2,1,0,1,1.0,0.5,0.6666666666666666,0.5,1.0,0.8927814364433289,0.9433539649680089,93069,486,242118,712903,0.2776629165212255,0.9993187447521619,0.9948051948051948,0.43414920861497125,0.27726090570287154,0.7686347961425781
62,46.37861251831055,1,2,1,0,1,1.0,0.5,0.6666666666666666,0.5,1.0,0.9157347083091736,0.956014112327067,93208,244,239296,715828,0.2803214397420783,0.9996592521422427,0.9973890339425587,0.43764144653438386,0.2801158834914109,0.7715568542480469
63,47.16348648071289,1,2,1,0,1,1.0,0.5,0.6666666666666666,0.5,1.0,0.8821626305580139,0.9373925677150171,90534,474,243122,714446,0.271339343515477,0.9993369887539865,0.9947916666666666,0.4263794435129891,0.2709544189387364,0.7676887512207031
64,46.445369720458984,1,2,1,0,1,1.0,0.5,0.6666666666666666,0.5,1.0,0.9037511944770813,0.9494425501598406,93345,490,241035,713706,0.2791584424905796,0.9993139138275767,0.9947780678851175,0.4359725838655815,0.2787499626720817,0.7696638107299805
65,48.064470291137695,1,2,1,0,1,1.0,0.5,0.6666666666666666,0.5,1.0,0.899678647518158,0.9471903563200507,92964,0,242298,713314,0.27728761386617035,1.0,1.0,0.4341819506522257,0.27728761386617035,0.7689266204833984
66,46.176910400390625,1,2,1,0,1,1.0,0.5,0.6666666666666666,0.5,1.0,0.6113629937171936,0.758814737710791,92365,1225,290935,664051,0.24097312809809548,0.9981586589625959,0.9869109947643979,0.3873639623393235,0.24020544828034587,0.72137451171875
67,46.89502716064453,1,2,1,0,1,1.0,0.5,0.6666666666666666,0.5,1.0,0.8872865438461304,0.9402775076623133,92964,732,243503,711377,0.27629455488948396,0.9989720674784338,0.9921875,0.4322268535415645,0.2756947677780776,0.7670793533325195
68,47.637939453125,1,2,1,0,1,1.0,0.5,0.6666666666666666,0.5,1.0,0.895526111125946,0.944883962156556,93345,245,242430,712556,0.27799865981684163,0.999656285555155,0.9973821989528796,0.43480488628556124,0.2777959645259211,0.7685670852661133
69,46.10633850097656,1,2,1,0,1,1.0,0.5,0.6666666666666666,0.5,1.0,0.8897722959518433,0.9416714361384808,90916,0,241696,715964,0.2733395066924825,1.0,1.0,0.42932698664551106,0.2733395066924825,0.769500732421875
70,45.50933837890625,1,2,1,0,1,1.0,0.5,0.6666666666666666,0.5,1.0,0.8865523338317871,0.9398650839768709,90916,0,243626,714034,0.2717625888528197,1.0,1.0,0.42737943580799986,0.2717625888528197,0.7676601409912109
71,45.99308967590332,1,2,1,0,1,1.0,0.5,0.6666666666666666,0.5,1.0,0.8876416087150574,0.9404768411725007,91680,0,244796,712100,0.2724711420725401,1.0,1.0,0.4282551219648913,0.2724711420725401,0.7665443420410156
72,37.35852241516113,1,2,1,0,1,1.0,0.5,0.6666666666666666,0.5,1.0,0.880777895450592,0.9366102159974371,91059,239,244527,712751,0.2713432622338238,0.9996647919325656,0.9973821989528796,0.42662175204505204,0.2711501526092459,0.7665729522705078
73,37.055015563964844,1,2,1,0,1,1.0,0.5,0.6666666666666666,0.5,1.0,0.8774929046630859,0.9347496360531398,90388,236,242234,715718,0.27174390148577066,0.9996703698840987,0.9973958333333334,0.4271180353742268,0.27155123205691317,0.7687625885009766
74,37.4598503112793,1,2,1,0,1,1.0,0.5,0.6666666666666666,0.5,1.0,0.9012835621833801,0.9480790557599642,92062,241,242638,713635,0.2750582611293696,0.999662406356286,0.9973890339425587,0.4312007175593614,0.27486034853899644,0.7683725357055664
75,37.56999969482422,1,2,1,0,1,1.0,0.5,0.6666666666666666,0.5,1.0,0.868028998374939,0.9293528089018602,90152,0,245545,712879,0.2685516998960372,1.0,1.0,0.42339890430645605,0.2685516998960372,0.7658300399780273
76,41.754961013793945,2,2,1,1,1,0.5,0.5,0.5,0.5,0.5,0.898008406162262,0.9462638871847975,148216,482,188330,711548,0.44040339210687396,0.999323062230524,0.9967585307132577,0.6108926643090898,0.43977354997210916,0.8199348449707031
77,38.22922706604004,1,2,1,0,1,1.0,0.5,0.6666666666666666,0.5,1.0,0.8949803709983826,0.9445800966548866,93345,245,242956,712030,0.277563849051891,0.999656031729318,0.9973821989528796,0.4342728738215036,0.27736178709596904,0.7680654525756836
78,37.37974166870117,1,2,1,0,1,1.0,0.5,0.6666666666666666,0.5,1.0,0.8943600654602051,0.9442345008924524,92964,244,244389,710979,0.27556891446052056,0.9996569289800807,0.9973821989528796,0.4318273136675175,0.2753697455842321,0.7666997909545898
79,36.76247596740723,1,2,1,0,1,1.0,0.5,0.6666666666666666,0.5,1.0,0.8715457916259766,0.9313646457656674,91537,478,248300,708261,0.26935560283312293,0.999325562724783,0.9948051948051948,0.4239276418773098,0.26897727105769653,0.7627468109130859
80,37.3082160949707,1,2,1,0,1,1.0,0.5,0.6666666666666666,0.5,1.0,0.8992205858230591,0.9469364354360836,93590,490,242993,711503,0.2780592008509045,0.9993117909867092,0.9947916666666666,0.4346321834009423,0.2776549886819769,0.767796516418457
81,38.50579261779785,2,2,2,0,0,1.0,1.0,1.0,1.0,1.0,0.8755409121513367,0.9333771181653399,318500,32677,18083,679316,0.9462747672936541,0.9541048858626419,0.9069500565242029,0.9261951843666395,0.8625358825759627,0.9515914916992188
82,37.39571571350098,1,2,1,0,1,1.0,0.5,0.6666666666666666,0.5,1.0,0.8986784815788269,0.9466357682966311,93208,488,242489,712391,0.27765514735014013,0.9993154518508751,0.9947916666666666,0.43413842330918295,0.2772521082142273,0.7682790756225586
83,36.97514533996582,1,2,1,0,1,1.0,0.5,0.6666666666666666,0.5,1.0,0.8831188678741455,0.9379321538752348,92826,486,245755,709509,0.2741618696855405,0.9993154881372404,0.9947916666666666,0.42985646907914693,0.27376890113163477,0.7651662826538086
84,36.96632385253906,1,2,1,0,1,1.0,0.5,0.6666666666666666,0.5,1.0,0.8953412175178528,0.9447810338767344,92964,732,241578,713302,0.2778843911975178,0.9989748387331696,0.9921875,0.4341697840920236,0.2772776892929365,0.7689151763916016
85,38.49601745605469,2,2,2,0,0,1.0,1.0,1.0,1.0,1.0,0.8764294385910034,0.9340790064347475,320400,33172,14142,680862,0.9577272808795309,0.9535428284927608,0.9061803536479133,0.9312410443618354,0.8713293483522521,0.9548778533935547
86,37.19735145568848,1,2,1,0,1,1.0,0.5,0.6666666666666666,0.5,1.0,0.9008166790008545,0.9478206803976067,93208,488,242647,712233,0.27752452695359603,0.9993153000963911,0.9947916666666666,0.43397873593589587,0.27712186666587385,0.7681283950805664
87,37.543296813964844,1,2,1,0,1,1.0,0.5,0.6666666666666666,0.5,1.0,0.9029391407966614,0.9489942388999869,93972,492,241725,712387,0.27993100921366587,0.9993098408004725,0.9947916666666666,0.436915480482889,0.27952134067444206,0.7690038681030273
88,38.05685043334961,1,2,1,0,1,1.0,0.5,0.6666666666666666,0.5,1.0,0.8836672306060791,0.9382413371620367,92444,726,243137,712269,0.27547447561095534,0.998981760040393,0.9922077922077922,0.4312246502048975,0.2748797973280366,0.7674341201782227
89,36.9873046875,1,2,1,0,1,1.0,0.5,0.6666666666666666,0.5,1.0,0.9067283272743225,0.9510828724829353,93069,486,241365,713656,0.27828809271784566,0.9993194630759709,0.9948051948051948,0.43491304683064286,0.2778842708706557,0.769352912902832
90,38.51795196533203,2,2,1,1,1,0.5,0.5,0.5,0.5,0.5,0.8879703879356384,0.9406613510570693,144587,478,188183,715328,0.4344952970520179,0.9993322213001847,0.9967049253782787,0.6051754266640158,0.4338720712502401,0.8200788497924805
91,36.99660301208496,1,2,1,0,1,1.0,0.5,0.6666666666666666,0.5,1.0,0.9005185961723328,0.9476556535526546,92202,242,240410,715722,0.27720587351027626,0.9996619941784782,0.9973821989528796,0.4338346006173304,0.27700433222974635,0.7704963684082031
92,39.30306434631348,2,2,1,1,1,0.5,0.5,0.5,0.5,0.5,0.8954437375068665,0.944838108130469,147582,486,188115,712393,0.4396285936424812,0.9993182573760765,0.9967177242888403,0.6101392204892871,0.4389930484289806,0.8201360702514648
93,36.769866943359375,1,2,1,0,1,1.0,0.5,0.6666666666666666,0.5,1.0,0.8842899799346924,0.9385922436050326,92062,482,243793,712239,0.27411234014678953,0.999323718537829,0.9947916666666666,0.42979558775814136,0.27371951346417434,0.7670412063598633
94,37.267446517944336,1,2,1,0,1,1.0,0.5,0.6666666666666666,0.5,1.0,0.8841684460639954,0.9385237799847591,92062,482,243793,712239,0.27411234014678953,0.999323718537829,0.9947916666666666,0.42979558775814136,0.27371951346417434,0.7670412063598633
95,36.2851619720459,1,2,1,0,1,1.0,0.5,0.6666666666666666,0.5,1.0,0.8880928158760071,0.9407300408205451,91298,478,237345,719455,0.2778029655279437,0.9993360493268123,0.9947916666666666,0.434319095949517,0.2773994974492664,0.7731943130493164
96,36.79251670837402,1,2,1,0,1,1.0,0.5,0.6666666666666666,0.5,1.0,0.8648096323013306,0.927504467288796,90916,714,242468,714478,0.2727065486046121,0.9990016666853097,0.9922077922077922,0.42782590691130173,0.27212374812180856,0.7680835723876953
97,36.64970397949219,1,2,1,0,1,1.0,0.5,0.6666666666666666,0.5,1.0,0.8707761168479919,0.93092498776939,90152,472,241410,716542,0.2719008812831386,0.9993417143877247,0.9947916666666666,0.42707242779248955,0.27151436298692305,0.7693233489990234
98,37.34111785888672,1,2,1,0,1,1.0,0.5,0.6666666666666666,0.5,1.0,0.8759552240371704,0.9338764729704595,90916,476,246505,710679,0.2694438105512105,0.9993306663104387,0.9947916666666666,0.42403565190421,0.26906424147003377,0.764460563659668
99,38.445472717285156,2,2,2,0,0,1.0,1.0,1.0,1.0,1.0,0.894889235496521,0.9445162872558008,470913,28106,24855,524702,0.9498656629713899,0.9491577545911057,0.943677495245672,0.9467614675302352,0.8989050802292154,0.9494924545288086
100,38.98191452026367,2,2,2,0,0,1.0,1.0,1.0,1.0,1.0,0.8256121277809143,0.902918462963509,366898,7454,94845,579379,0.7945935293009315,0.9872979195103206,0.9800882591785272,0.8776466789061051,0.7819700466968033,0.902440071105957
101,38.834333419799805,2,2,2,0,0,1.0,1.0,1.0,1.0,1.0,0.7314497232437134,0.8364849876502616,340324,8040,72735,627477,0.8239113540680629,0.9873488828780347,0.9769206921495907,0.8939157340926135,0.8081804991225341,0.9229669570922852
102,43.18404197692871,1,2,1,0,1,1.0,0.5,0.6666666666666666,0.5,1.0,0.8951413035392761,0.9446697213210989,90534,711,234154,723177,0.27883383432710784,0.9990178038591605,0.9922077922077922,0.4353297285860944,0.27822457966988223,0.7760152816772461
103,37.06002235412598,1,2,1,0,1,1.0,0.5,0.6666666666666666,0.5,1.0,0.5692775249481201,0.7255281693618091,80770,410,293927,673469,0.21556083982524546,0.9993915821683121,0.9949494949494949,0.35434996720606654,0.21532522720183842,0.7192983627319336
104,33.684492111206055,0,2,0,0,2,0.0,0.0,0.0,0.0,1.0,0.0,0.0,0,0,326850,721726,0.0,1.0,0.0,0.0,0.0,0.6882915496826172
105,39.159536361694336,2,2,1,1,1,0.5,0.5,0.5,0.5,0.5,0.7225088477134705,0.8389029161418342,108518,562,296249,643247,0.2680999192127817,0.9991270702956933,0.9948478181151449,0.4223747535745076,0.26772819117309643,0.7169389724731445
106,38.96832466125488,2,2,1,1,1,0.5,0.5,0.5,0.5,0.5,0.6110821962356567,0.7585984100171539,152328,0,173203,723045,0.4679370013915725,1.0,1.0,0.6375437105924551,0.4679370013915725,0.8348207473754883
107,37.35041618347168,1,2,0,1,2,0.0,0.0,0.0,0.0,0.0,0.0,0.0,42137,456,351730,654253,0.10698281399558734,0.9993035073597583,0.9892940154485479,0.19308527700132888,0.10685909774474225,0.6641292572021484
108,37.841081619262695,1,2,0,1,2,0.0,0.0,0.0,0.0,0.0,0.0,0.0,23715,4185,373358,647318,0.05972453427959091,0.9935763918201451,0.85,0.11160709033279761,0.05910162538815426,0.6399469375610352
109,38.957834243774414,2,2,0,2,2,0.0,0.0,0.0,0.0,0.0,0.0,0.0,104412,0,236361,707803,0.3063975138875439,1.0,1.0,0.4690724081000034,0.3063975138875439,0.7745885848999023
110,35.21299362182617,0,2,0,0,2,0.0,0.0,0.0,0.0,1.0,0.0,0.0,0,0,174588,873988,0.0,1.0,0.0,0.0,0.0,0.8334999084472656
111,44.16823387145996,1,2,0,1,2,0.0,0.0,0.0,0.0,0.0,0.0,0.0,53760,0,358875,635941,0.13028463411974264,1.0,1.0,0.23053420384009263,0.13028463411974264,0.657750129699707
112,33.878326416015625,0,2,0,0,2,0.0,0.0,0.0,0.0,1.0,0.0,0.0,0,0,348624,699952,0.0,1.0,0.0,0.0,0.0,0.6675262451171875
113,34.334659576416016,0,2,0,0,2,0.0,0.0,0.0,0.0,1.0,0.0,0.0,0,0,210475,838101,0.0,1.0,0.0,0.0,0.0,0.7992753982543945
114,39.533376693725586,0,2,0,0,2,0.0,0.0,0.0,0.0,1.0,0.0,0.0,0,0,367172,681404,0.0,1.0,0.0,0.0,0.0,0.6498374938964844
115,35.10332107543945,0,2,0,0,2,0.0,0.0,0.0,0.0,1.0,0.0,0.0,0,0,309592,738984,0.0,1.0,0.0,0.0,0.0,0.7047500610351562
116,39.682626724243164,0,2,0,0,2,0.0,0.0,0.0,0.0,1.0,0.0,0.0,0,0,345150,703426,0.0,1.0,0.0,0.0,0.0,0.6708393096923828
117,38.19561004638672,1,2,0,1,2,0.0,0.0,0.0,0.0,0.0,0.0,0.0,45084,0,319128,684364,0.12378504826859082,1.0,1.0,0.22030022282162542,0.12378504826859082,0.6956558227539062
118,33.612728118896484,0,2,0,0,2,0.0,0.0,0.0,0.0,1.0,0.0,0.0,0,0,326338,722238,0.0,1.0,0.0,0.0,0.0,0.6887798309326172
119,40.13514518737793,0,2,0,0,2,0.0,0.0,0.0,0.0,1.0,0.0,0.0,0,0,397120,651456,0.0,1.0,0.0,0.0,0.0,0.62127685546875
120,39.69383239746094,0,2,0,0,2,0.0,0.0,0.0,0.0,1.0,0.0,0.0,0,0,295070,753506,0.0,1.0,0.0,0.0,0.0,0.7185993194580078
121,34.1341495513916,0,2,0,0,2,0.0,0.0,0.0,0.0,1.0,0.0,0.0,0,0,397401,651175,0.0,1.0,0.0,0.0,0.0,0.6210088729858398
122,38.36703300476074,2,2,1,1,1,0.5,0.5,0.5,0.5,0.5,0.5783462524414062,0.7328509210787086,110739,0,141082,796755,0.4397528403111734,1.0,1.0,0.6108726831421006,0.4397528403111734,0.8654537200927734
123,33.385515213012695,0,2,0,0,2,0.0,0.0,0.0,0.0,1.0,0.0,0.0,0,0,398167,650409,0.0,1.0,0.0,0.0,0.0,0.6202783584594727
124,33.85019302368164,0,2,0,0,2,0.0,0.0,0.0,0.0,1.0,0.0,0.0,0,0,297635,750941,0.0,1.0,0.0,0.0,0.0,0.7161531448364258
125,40.308237075805664,3,2,1,2,1,0.3333333333333333,0.5,0.4,0.5,0.33333333333333337,0.7735830545425415,0.8723392485750503,128218,60606,202416,657336,0.3877943587168894,0.915583710104716,0.6790344447739695,0.4936607001913533,0.327722114303241,0.7491626739501953
126,36.97490692138672,1,2,1,0,1,1.0,0.5,0.6666666666666666,0.5,1.0,0.7089806795120239,0.8297117550965687,83082,1464,157600,806430,0.34519407350778203,0.9981878810834095,0.9826839826839827,0.5109154193365885,0.3431070511179206,0.8483047485351562
127,39.60585594177246,2,2,1,1,1,0.5,0.5,0.5,0.5,0.5,0.6880272626876831,0.8151850125835096,118411,0,128054,802111,0.48043738461850566,1.0,1.0,0.6490478957234787,0.48043738461850566,0.8778781890869141
128,44.74759101867676,1,2,0,1,2,0.0,0.0,0.0,0.0,0.0,0.0,0.0,49608,0,317782,681186,0.135028171697651,1.0,1.0,0.2379291987011928,0.135028171697651,0.6969394683837891
129,40.35782814025879,3,2,1,2,1,0.3333333333333333,0.5,0.4,0.5,0.33333333333333337,0.8847038149833679,0.9388253028937337,157933,58471,197965,634207,0.44375916695232903,0.9155870404430342,0.7298062882386647,0.5519218873951166,0.3811409637303949,0.7554435729980469
130,38.487911224365234,2,2,1,1,1,0.5,0.5,0.5,0.5,0.5,0.5856565833091736,0.7386928411534636,102390,119754,264540,561892,0.2790450494644755,0.8243164340434771,0.46091724286949004,0.3476303486488964,0.21038291786867866,0.6335086822509766
131,40.95458984375,1,1,0,1,1,0.0,0.0,0.0,0.0,0.0,0.0,0.0,0,54740,192240,801596,0.0,0.9360764933390632,0.0,0.0,0.0,0.7644615173339844
132,44.970035552978516,2,2,1,1,1,0.5,0.5,0.5,0.5,0.5,0.6822996139526367,0.8111511270570215,67818,7998,301858,670902,0.18345253681602267,0.9882191780821917,0.8945077556188668,0.3044633798137789,0.1795675635601074,0.704498291015625
133,41.837453842163086,3,2,1,2,1,0.3333333333333333,0.5,0.4,0.5,0.33333333333333337,0.7829563021659851,0.8782675169490446,94006,102372,269770,582428,0.2584172677691766,0.8505081775700934,0.4786992432960922,0.33564341234731876,0.20166556544273492,0.6450977325439453
134,37.16874122619629,1,2,1,0,1,1.0,0.5,0.6666666666666666,0.5,1.0,0.8701090216636658,0.9305436331082013,191840,872,139850,716014,0.5783713708583316,0.9987836280803364,0.995475113122172,0.7316524345826294,0.5768548421046301,0.8657970428466797
135,37.503957748413086,1,2,1,0,1,1.0,0.5,0.6666666666666666,0.5,1.0,0.8476571440696716,0.9175480925022831,162800,1628,150206,733942,0.520117825217408,0.9977867504112456,0.9900990099009901,0.6819790798309295,0.5174265972526809,0.8551998138427734
136,38.84387016296387,1,2,1,0,1,1.0,0.5,0.6666666666666666,0.5,1.0,0.6139736771583557,0.7608224171776445,53126,0,226700,768750,0.18985369479605183,1.0,1.0,0.31912107450923854,0.18985369479605183,0.7838020324707031
137,45.453548431396484,1,2,1,0,1,1.0,0.5,0.6666666666666666,0.5,1.0,0.6491641998291016,0.7872644820890153,81512,0,283301,683763,0.2234350201336027,1.0,1.0,0.3652584999719935,0.2234350201336027,0.729823112487793
138,37.32919692993164,1,2,1,0,1,1.0,0.5,0.6666666666666666,0.5,1.0,0.7073575854301453,0.8285992242825175,90090,0,286237,672249,0.239392868436227,1.0,1.0,0.3863066740706278,0.239392868436227,0.7270231246948242
139,39.51716423034668,2,2,1,1,1,0.5,0.5,0.5,0.5,0.5,0.6898205876350403,0.8164423994862875,134668,0,210300,703608,0.39037823798149396,1.0,1.0,0.5615425030648241,0.39037823798149396,0.7994422912597656
140,37.576913833618164,1,2,1,0,1,1.0,0.5,0.6666666666666666,0.5,1.0,0.7640849947929382,0.8662677785348134,109592,2472,159346,777166,0.40749912619265405,0.9968292976997016,0.9779411764705882,0.5752830693802132,0.40378762757451825,0.8456783294677734
141,36.56506538391113,1,2,0,1,2,0.0,0.0,0.0,0.0,0.0,0.0,0.0,55189,0,355607,637780,0.13434648828128803,1.0,1.0,0.23687028552421216,0.13434648828128803,0.6608667373657227
142,40.74835777282715,2,2,0,2,2,0.0,0.0,0.0,0.0,0.0,0.0,0.0,81203,0,216671,750702,0.2726085526094926,1.0,1.0,0.4284248318943117,0.2726085526094926,0.7933664321899414
143,37.6896858215332,1,2,0,1,2,0.0,0.0,0.0,0.0,0.0,0.0,0.0,63511,0,217089,767976,0.2263399857448325,1.0,1.0,0.3691308909043884,0.2263399857448325,0.7929677963256836
144,39.15143013000488,2,2,0,2,2,0.0,0.0,0.0,0.0,0.0,0.0,0.0,80375,0,232715,735486,0.25671532147305887,1.0,1.0,0.4085496804035937,0.25671532147305887,0.7780656814575195
145,34.564971923828125,0,2,0,0,2,0.0,0.0,0.0,0.0,1.0,0.0,0.0,0,0,344353,704223,0.0,1.0,0.0,0.0,0.0,0.6715993881225586
146,37.92405128479004,1,2,0,1,2,0.0,0.0,0.0,0.0,0.0,0.0,0.0,58088,0,266399,724089,0.17901487578855238,1.0,1.0,0.3036685617199242,0.17901487578855238,0.7459421157836914
147,36.2699031829834,1,2,1,0,1,1.0,0.5,0.6666666666666666,0.5,1.0,0.952621579170227,0.9757359944521833,212976,1454,140180,693966,0.6030649344765486,0.9979091771878864,0.9932192323835284,0.7504624849802497,0.60059219988156,0.8649272918701172
148,38.94782066345215,2,2,1,1,1,0.5,0.5,0.5,0.5,0.5,0.5483637452125549,0.7083138531343965,118524,0,210714,719338,0.3599948973083301,1.0,1.0,0.5294062470687553,0.3599948973083301,0.7990474700927734
149,39.30211067199707,2,2,2,0,0,1.0,1.0,1.0,1.0,1.0,0.5632194876670837,0.7203810869796903,197200,0,149336,702040,0.5690606459357758,1.0,1.0,0.7253520090632218,0.5690606459357758,0.8575820922851562
150,33.67948532104492,0,2,0,0,2,0.0,0.0,0.0,0.0,1.0,0.0,0.0,0,0,357106,691470,0.0,1.0,0.0,0.0,0.0,0.6594371795654297
151,42.704105377197266,1,2,1,0,1,1.0,0.5,0.6666666666666666,0.5,1.0,0.9515175819396973,0.9751565558471095,235204,463,135176,677733,0.6350342891084831,0.9993173065013654,0.9980353634577603,0.776190625479542,0.6342414444926829,0.8706445693969727
152,36.940574645996094,1,2,1,0,1,1.0,0.5,0.6666666666666666,0.5,1.0,0.90700364112854,0.9512343045048273,231595,4385,140330,672266,0.6226927471936546,0.9935195543936239,0.9814179167726078,0.7619447117559487,0.6154367409848264,0.8619890213012695
153,37.74070739746094,1,2,0,1,2,0.0,0.0,0.0,0.0,0.0,0.0,0.0,50702,0,297202,700672,0.14573560522442972,1.0,1.0,0.25439657205360683,0.14573560522442972,0.7165660858154297
154,33.56575965881348,0,2,0,0,2,0.0,0.0,0.0,0.0,1.0,0.0,0.0,0,0,354595,693981,0.0,1.0,0.0,0.0,0.0,0.6618318557739258
155,37.80078887939453,2,2,0,2,2,0.0,0.0,0.0,0.0,0.0,0.0,0.0,69444,0,311233,667899,0.1824223685696798,1.0,1.0,0.3085570324423877,0.1824223685696798,0.7031850814819336
156,39.77036476135254,2,2,0,2,2,0.0,0.0,0.0,0.0,0.0,0.0,0.0,65637,0,314706,668233,0.17257317736884864,1.0,1.0,0.29434952240010764,0.17257317736884864,0.6998729705810547
157,33.90359878540039,0,2,0,0,2,0.0,0.0,0.0,0.0,1.0,0.0,0.0,0,0,337680,710896,0.0,1.0,0.0,0.0,0.0,0.6779632568359375
158,33.77056121826172,0,2,0,0,2,0.0,0.0,0.0,0.0,1.0,0.0,0.0,0,0,370566,678010,0.0,1.0,0.0,0.0,0.0,0.6466007232666016
159,34.673452377319336,0,2,0,0,2,0.0,0.0,0.0,0.0,1.0,0.0,0.0,0,0,399920,648656,0.0,1.0,0.0,0.0,0.0,0.6186065673828125
160,33.864498138427734,0,2,0,0,2,0.0,0.0,0.0,0.0,1.0,0.0,0.0,0,0,337093,711483,0.0,1.0,0.0,0.0,0.0,0.678523063659668
161,45.73416709899902,1,2,0,1,2,0.0,0.0,0.0,0.0,0.0,0.0,0.0,14175,324,355073,679004,0.038388833521102346,0.999523058080927,0.9776536312849162,0.07387679903686543,0.03835517842260777,0.661067008972168
162,46.457529067993164,0,2,0,0,2,0.0,0.0,0.0,0.0,1.0,0.0,0.0,0,0,400451,648125,0.0,1.0,0.0,0.0,0.0,0.6181001663208008
163,46.71955108642578,1,2,1,0,1,1.0,0.5,0.6666666666666666,0.5,1.0,0.766648530960083,0.8679129068682935,86520,1236,193554,767266,0.3089183572912873,0.9983916762741021,0.9859154929577465,0.4704347116874643,0.30756105364188974,0.8142337799072266
164,48.827409744262695,2,2,2,0,0,1.0,1.0,1.0,1.0,1.0,0.7124280333518982,0.8297179435806878,209858,0,87282,751436,0.7062596755738036,1.0,1.0,0.8278454747356006,0.7062596755738036,0.9167613983154297
165,42.647361755371094,0,2,0,0,2,0.0,0.0,0.0,0.0,1.0,0.0,0.0,0,0,441278,607298,0.0,1.0,0.0,0.0,0.0,0.5791645050048828
166,45.9742546081543,1,2,0,1,2,0.0,0.0,0.0,0.0,0.0,0.0,0.0,79328,0,244832,724416,0.24471865745310958,1.0,1.0,0.39321119835038465,0.24471865745310958,0.766510009765625
167,49.18837547302246,2,2,2,0,0,1.0,1.0,1.0,1.0,1.0,0.7818301320075989,0.8736720604369301,239959,726,57615,750276,0.8063842943267893,0.999033291522526,0.9969836092818414,0.8916116590711907,0.8044217230975528,0.944361686706543
168,44.08550262451172,1,2,1,0,1,1.0,0.5,0.6666666666666666,0.5,1.0,0.9347459673881531,0.9662725578904099,243311,11389,134053,659823,0.644764736434848,0.9830321865520879,0.9552846486062033,0.7698935550830296,0.6258755559442628,0.8612957000732422
169,45.564889907836914,1,2,1,0,1,1.0,0.5,0.6666666666666666,0.5,1.0,0.5005750060081482,0.667177587263412,124206,0,309166,615204,0.2866036569044608,1.0,1.0,0.445519729974999,0.2866036569044608,0.7051563262939453
170,45.6085205078125,1,2,1,0,1,1.0,0.5,0.6666666666666666,0.5,1.0,0.5371307134628296,0.6988744792598516,87024,0,321890,639662,0.21281736502051776,1.0,1.0,0.3509470941932258,0.21281736502051776,0.6930217742919922
171,52.255868911743164,1,2,0,1,2,0.0,0.0,0.0,0.0,0.0,0.0,0.0,53713,0,314078,680785,0.14604218156507365,1.0,1.0,0.2548635362890981,0.14604218156507365,0.7004718780517578
172,45.113563537597656,1,2,1,0,1,1.0,0.5,0.6666666666666666,0.5,1.0,0.7447944283485413,0.8537331576115746,197876,764,265696,584240,0.42685062945993285,0.9986940260237537,0.9961538461538462,0.5976213055637771,0.4261483063988146,0.7458839416503906
173,46.97871208190918,2,2,1,1,1,0.5,0.5,0.5,0.5,0.5,0.7666541337966919,0.8679164972139579,100509,504,257409,690154,0.28081571756659346,0.9992702611133152,0.9950105431974102,0.4380135575936252,0.28042084470261314,0.7540349960327148
174,46.12088203430176,1,2,0,1,2,0.0,0.0,0.0,0.0,0.0,0.0,0.0,47978,0,266404,734194,0.1526105184139041,1.0,1.0,0.2648084777569268,0.1526105184139041,0.7459373474121094
175,47.36638069152832,2,2,2,0,0,1.0,1.0,1.0,1.0,1.0,0.6366218328475952,0.7779695136286413,215932,1506,122170,708968,0.6386593394892666,0.9978802883708623,0.9930738877289158,0.7773769665550635,0.63582718899437,0.8820533752441406
176,44.36135292053223,2,2,2,0,0,1.0,1.0,1.0,1.0,1.0,0.7211073040962219,0.8379555995752096,262384,0,96872,689320,0.7303538423853743,1.0,1.0,0.8441670420178882,0.7303538423853743,0.9076156616210938
177,46.272993087768555,1,2,1,0,1,1.0,0.5,0.6666666666666666,0.5,1.0,0.9551210403442383,0.9770454315974934,242004,8556,189244,608772,0.5611712981857307,0.986140269030402,0.9658524904214559,0.7098890010090817,0.550254204145483,0.8113632202148438
178,44.19541358947754,1,2,0,1,2,0.0,0.0,0.0,0.0,0.0,0.0,0.0,30184,0,368734,649658,0.07566467294030352,1.0,1.0,0.14068449925658702,0.07566467294030352,0.6483478546142578
179,45.41587829589844,1,2,0,1,2,0.0,0.0,0.0,0.0,0.0,0.0,0.0,40754,0,269003,738819,0.1315676481887415,1.0,1.0,0.23254049088331036,0.1315676481887415,0.7434587478637695
180,41.3970947265625,0,2,0,0,2,0.0,0.0,0.0,0.0,1.0,0.0,0.0,0,0,194929,853647,0.0,1.0,0.0,0.0,0.0,0.8141012191772461
181,44.79789733886719,1,2,0,1,2,0.0,0.0,0.0,0.0,0.0,0.0,0.0,36050,550,374152,637824,0.08788353055323962,0.9991384360891891,0.9849726775956285,0.16136901804378673,0.08776585384855096,0.6426563262939453
182,39.7946834564209,0,2,0,0,2,0.0,0.0,0.0,0.0,1.0,0.0,0.0,0,0,265375,783201,0.0,1.0,0.0,0.0,0.0,0.7469186782836914
183,41.49317741394043,0,2,0,0,2,0.0,0.0,0.0,0.0,1.0,0.0,0.0,0,0,349390,699186,0.0,1.0,0.0,0.0,0.0,0.6667957305908203
184,45.81737518310547,2,2,2,0,0,1.0,1.0,1.0,1.0,1.0,0.7386425733566284,0.8459717546993697,251690,28,102934,693924,0.7097376376105397,0.9999596513879923,0.9998887644109679,0.8301915420670183,0.7096816033745756,0.9018077850341797
185,47.721147537231445,1,2,1,0,1,1.0,0.5,0.6666666666666666,0.5,1.0,0.9525688290596008,0.9757083231922518,208225,3875,142949,693527,0.5929396823227232,0.9944436637692464,0.9817303158887317,0.7393382261563644,0.5864683466225789,0.8599777221679688
186,46.85616493225098,1,2,1,0,1,1.0,0.5,0.6666666666666666,0.5,1.0,0.6605044603347778,0.7955467463202263,160181,3773,213916,670706,0.4281803917165869,0.994406052671766,0.9769874476987448,0.59541195908938,0.4239050467091857,0.7923955917358398
187,47.093868255615234,2,2,1,1,1,0.5,0.5,0.5,0.5,0.5,0.5305362343788147,0.6932684407751232,171921,0,172035,704620,0.4998342811289816,1.0,1.0,0.6665193447275223,0.4998342811289816,0.8359346389770508
188,50.046443939208984,2,2,0,2,2,0.0,0.0,0.0,0.0,0.0,0.0,0.0,73953,0,266622,708001,0.21714159876679145,1.0,1.0,0.3568058128763316,0.21714159876679145,0.7457294464111328
189,46.538591384887695,2,2,1,1,1,0.5,0.5,0.5,0.5,0.5,0.7951080799102783,0.8858609560155495,151752,16692,64430,815702,0.7019640858165804,0.9799469962541777,0.9009047517275771,0.7890886211540562,0.651648530965243,0.9226360321044922
190,45.32814025878906,1,2,1,0,1,1.0,0.5,0.6666666666666666,0.5,1.0,0.7209428548812866,0.837846361761987,153032,50875,133285,711384,0.5344845049368357,0.9332575935476,0.7504990019960079,0.6243349978785209,0.4538423212887613,0.824371337890625
191,39.58630561828613,0,2,0,0,2,0.0,0.0,0.0,0.0,1.0,0.0,0.0,0,0,209796,838780,0.0,1.0,0.0,0.0,0.0,0.7999229431152344
192,44.85917091369629,1,2,1,0,1,1.0,0.5,0.6666666666666666,0.5,1.0,0.5999363660812378,0.749950284023703,123192,73192,122484,729708,0.5014409221902018,0.9088404533565824,0.627301613166042,0.5573542053114962,0.3863416837061104,0.8133888244628906
193,33.934831619262695,0,2,0,0,2,0.0,0.0,0.0,0.0,1.0,0.0,0.0,0,0,179015,869561,0.0,1.0,0.0,0.0,0.0,0.8292779922485352
194,37.77813911437988,1,2,1,0,1,1.0,0.5,0.6666666666666666,0.5,1.0,0.9001582264900208,0.9474560738584348,176946,1149,164850,705631,0.5176947652985991,0.9983743173264665,0.9935483870967742,0.6807042245393746,0.5159602851769234,0.8416910171508789
195,37.049293518066406,1,2,1,0,1,1.0,0.5,0.6666666666666666,0.5,1.0,0.9427058696746826,0.9705080778209048,160388,1598,180127,706463,0.47101596111771876,0.9977431323007481,0.9901349499339449,0.6383589286389479,0.46881585908749446,0.8266935348510742
196,37.46986389160156,1,2,1,0,1,1.0,0.5,0.6666666666666666,0.5,1.0,0.6600481271743774,0.7952156523291491,161766,1710,245908,639192,0.3968023469733169,0.9973318853740509,0.9895397489539749,0.5664571478595816,0.39514490063119223,0.7638530731201172
197,37.60933876037598,1,2,1,0,1,1.0,0.5,0.6666666666666666,0.5,1.0,0.7205184698104858,0.8375597036047518,109564,0,224324,714688,0.3281459651140502,1.0,1.0,0.49414141778591597,0.3281459651140502,0.7860679626464844
198,36.28706932067871,1,2,1,0,1,1.0,0.5,0.6666666666666666,0.5,1.0,0.8453492522239685,0.9161943206199854,206220,1680,183626,657050,0.5289781093046998,0.9974496379396718,0.9919191919191919,0.6899920702104239,0.5267083156674142,0.8232784271240234
199,38.57755661010742,2,2,1,1,1,0.5,0.5,0.5,0.5,0.5,0.7403258085250854,0.8507898979588272,120932,2920,78694,846030,0.6057928325969563,0.996560457035161,0.9764234731776636,0.7476984524449886,0.5970594334126569,0.9221668243408203
200,38.19870948791504,2,2,1,1,1,0.5,0.5,0.5,0.5,0.5,0.8860413432121277,0.9395778585670934,202948,298,135102,710228,0.600349060789824,0.9995805924061892,0.9985337964830796,0.7498595962283113,0.5998203033563078,0.8708724975585938
201,53.302764892578125,1,2,0,1,2,0.0,0.0,0.0,0.0,0.0,0.0,0.0,60444,0,267225,720907,0.18446664164141252,1.0,1.0,0.3114762968516901,0.18446664164141252,0.7451543807983398
202,38.54727745056152,2,2,2,0,0,1.0,1.0,1.0,1.0,1.0,0.7577428817749023,0.8608966771585822,176134,5470,49760,817212,0.7797196915367385,0.9933510153376396,0.9698795180722891,0.8644655924691655,0.7612852474888055,0.9473285675048828
