img_id,latency_ms,num_preds,num_gts,tp,fp,fn,precision,recall,f1,mean_iou
0,555.992841720581,2,2,2,0,0,1.0,1.0,1.0,0.8793920786238981
1,59.882402420043945,2,2,2,0,0,1.0,1.0,1.0,0.9099218779782046
2,59.52024459838867,2,2,2,0,0,1.0,1.0,1.0,0.8885899051509347
3,60.1201057434082,2,2,2,0,0,1.0,1.0,1.0,0.8563274176166252
4,59.62562561035156,2,2,2,0,0,1.0,1.0,1.0,0.9231136758598466
5,61.676025390625,2,2,2,0,0,1.0,1.0,1.0,0.9275808722992114
6,59.64255332946777,2,2,2,0,0,1.0,1.0,1.0,0.9339643579987238
7,62.085866928100586,2,2,2,0,0,1.0,1.0,1.0,0.9135991728662896
8,59.854745864868164,2,2,2,0,0,1.0,1.0,1.0,0.936312827809819
9,61.39731407165527,2,2,2,0,0,1.0,1.0,1.0,0.8885360886492117
10,59.259891510009766,2,2,2,0,0,1.0,1.0,1.0,0.886727920926142
11,59.565067291259766,2,2,2,0,0,1.0,1.0,1.0,0.9030996347451299
12,59.77678298950195,2,2,2,0,0,1.0,1.0,1.0,0.8771263142525749
13,59.80873107910156,2,2,2,0,0,1.0,1.0,1.0,0.8636346069698138
14,59.58104133605957,2,2,2,0,0,1.0,1.0,1.0,0.9284829578712057
15,60.07194519042969,2,2,2,0,0,1.0,1.0,1.0,0.8812943125163972
16,59.29684638977051,2,2,2,0,0,1.0,1.0,1.0,0.917195156667906
17,61.31768226623535,2,2,2,0,0,1.0,1.0,1.0,0.9297775882086761
18,59.47685241699219,2,2,2,0,0,1.0,1.0,1.0,0.92933097505098
19,61.86676025390625,2,2,2,0,0,1.0,1.0,1.0,0.8861144433270955
20,59.59320068359375,2,2,2,0,0,1.0,1.0,1.0,0.9210465009797528
21,59.85450744628906,2,2,2,0,0,1.0,1.0,1.0,0.9107647891444193
22,60.21547317504883,2,2,2,0,0,1.0,1.0,1.0,0.908944833041083
23,60.57548522949219,2,2,2,0,0,1.0,1.0,1.0,0.8923091321730519
24,59.580087661743164,3,2,2,1,0,0.6666666666666666,1.0,0.8,0.9130393801393779
25,60.393333435058594,2,2,2,0,0,1.0,1.0,1.0,0.9016834154446344
26,59.99469757080078,2,2,2,0,0,1.0,1.0,1.0,0.8062050827746889
27,59.95321273803711,2,2,2,0,0,1.0,1.0,1.0,0.8858813846803628
28,60.34278869628906,2,2,2,0,0,1.0,1.0,1.0,0.8766103527070838
29,62.03269958496094,2,2,2,0,0,1.0,1.0,1.0,0.7952817570580766
30,59.7076416015625,2,2,2,0,0,1.0,1.0,1.0,0.8212361126755956
31,63.77601623535156,2,2,2,0,0,1.0,1.0,1.0,0.7537920157099836
32,60.12558937072754,2,2,2,0,0,1.0,1.0,1.0,0.8923297046539643
33,62.384605407714844,2,2,2,0,0,1.0,1.0,1.0,0.8422922327156115
34,59.93914604187012,2,2,2,0,0,1.0,1.0,1.0,0.9181542234713742
35,59.72647666931152,2,2,2,0,0,1.0,1.0,1.0,0.8076496258049801
36,59.39459800720215,2,2,2,0,0,1.0,1.0,1.0,0.808978574532464
37,61.7976188659668,2,2,2,0,0,1.0,1.0,1.0,0.8463705361969862
38,60.25981903076172,2,2,2,0,0,1.0,1.0,1.0,0.9162726750754777
39,61.91372871398926,2,2,2,0,0,1.0,1.0,1.0,0.8581013727311116
40,59.49878692626953,2,2,2,0,0,1.0,1.0,1.0,0.7699846206519114
41,60.96696853637695,2,2,2,0,0,1.0,1.0,1.0,0.8803026530734478
42,59.715986251831055,2,2,2,0,0,1.0,1.0,1.0,0.885614324623363
43,61.91539764404297,2,2,2,0,0,1.0,1.0,1.0,0.9111761262596871
44,60.175180435180664,2,2,2,0,0,1.0,1.0,1.0,0.9013012651499568
45,61.57541275024414,2,2,2,0,0,1.0,1.0,1.0,0.8883329213909177
46,59.3113899230957,2,2,2,0,0,1.0,1.0,1.0,0.8436303706606756
47,59.786081314086914,2,2,2,0,0,1.0,1.0,1.0,0.8836124287272137
48,59.43465232849121,2,2,2,0,0,1.0,1.0,1.0,0.8834993188604463
49,59.67450141906738,2,2,2,0,0,1.0,1.0,1.0,0.8281163416184432
50,59.80253219604492,2,2,2,0,0,1.0,1.0,1.0,0.7927062776796718
51,61.835527420043945,2,2,2,0,0,1.0,1.0,1.0,0.8205506460804641
52,60.089826583862305,2,2,2,0,0,1.0,1.0,1.0,0.7498632196225046
53,61.815500259399414,2,2,2,0,0,1.0,1.0,1.0,0.9170317375500217
54,59.45587158203125,2,2,2,0,0,1.0,1.0,1.0,0.9188949060362206
55,59.56315994262695,2,2,2,0,0,1.0,1.0,1.0,0.9043406664355883
56,59.44538116455078,3,2,2,1,0,0.6666666666666666,1.0,0.8,0.7986984102526851
57,61.74802780151367,2,2,2,0,0,1.0,1.0,1.0,0.9089759028297382
58,59.41176414489746,2,2,2,0,0,1.0,1.0,1.0,0.8074853925584926
59,61.67125701904297,2,2,2,0,0,1.0,1.0,1.0,0.8095611653342404
60,59.32950973510742,2,2,2,0,0,1.0,1.0,1.0,0.907439632767487
61,59.45158004760742,2,2,2,0,0,1.0,1.0,1.0,0.9347587078113357
62,59.914588928222656,2,2,2,0,0,1.0,1.0,1.0,0.9120726101433455
63,61.77663803100586,2,2,2,0,0,1.0,1.0,1.0,0.9072207682525262
64,59.44204330444336,2,2,2,0,0,1.0,1.0,1.0,0.9159493542540005
65,59.7381591796875,2,2,2,0,0,1.0,1.0,1.0,0.9122723758956259
66,59.927940368652344,2,2,2,0,0,1.0,1.0,1.0,0.8962527256104798
67,61.25307083129883,2,2,2,0,0,1.0,1.0,1.0,0.8709600224090486
68,59.50736999511719,2,2,2,0,0,1.0,1.0,1.0,0.881330397927798
69,61.678409576416016,2,2,2,0,0,1.0,1.0,1.0,0.9116554110130758
70,55.82404136657715,1,1,1,0,0,1.0,1.0,1.0,0.892861530900602
71,60.45794486999512,2,2,2,0,0,1.0,1.0,1.0,0.8757091744942788
72,59.73243713378906,2,2,2,0,0,1.0,1.0,1.0,0.8833315468459548
73,62.28041648864746,2,2,2,0,0,1.0,1.0,1.0,0.9016241676337208
74,59.335947036743164,2,2,2,0,0,1.0,1.0,1.0,0.8910181177818259
75,59.723615646362305,2,2,2,0,0,1.0,1.0,1.0,0.8871323292781539
76,59.82208251953125,2,2,2,0,0,1.0,1.0,1.0,0.8760496458876786
77,60.00399589538574,2,2,2,0,0,1.0,1.0,1.0,0.897733983004037
78,59.847116470336914,2,2,2,0,0,1.0,1.0,1.0,0.9067631943981368
79,62.20102310180664,2,2,2,0,0,1.0,1.0,1.0,0.9014465311509599
80,59.50736999511719,2,2,2,0,0,1.0,1.0,1.0,0.9138816779518352
81,59.305429458618164,2,2,2,0,0,1.0,1.0,1.0,0.9109827894742195
82,59.472084045410156,2,2,2,0,0,1.0,1.0,1.0,0.9052219605692813
83,61.646223068237305,2,2,2,0,0,1.0,1.0,1.0,0.9095627881436847
84,59.87048149108887,2,2,2,0,0,1.0,1.0,1.0,0.9225688220007687
85,61.76114082336426,2,2,2,0,0,1.0,1.0,1.0,0.9225414741350165
86,60.26411056518555,2,2,2,0,0,1.0,1.0,1.0,0.896921093424492
87,62.19816207885742,2,2,2,0,0,1.0,1.0,1.0,0.9265965429393357
88,59.615373611450195,2,2,2,0,0,1.0,1.0,1.0,0.8617995966382915
89,61.684608459472656,2,2,2,0,0,1.0,1.0,1.0,0.8873060494864926
90,59.484004974365234,2,2,2,0,0,1.0,1.0,1.0,0.8905738361247505
91,62.21485137939453,2,2,2,0,0,1.0,1.0,1.0,0.919619352839994
92,59.77201461791992,2,2,2,0,0,1.0,1.0,1.0,0.8602927394393372
93,59.53621864318848,2,2,2,0,0,1.0,1.0,1.0,0.8681783566770825
94,59.69691276550293,2,2,2,0,0,1.0,1.0,1.0,0.88815839444045
95,59.45897102355957,2,2,2,0,0,1.0,1.0,1.0,0.8471262594007831
96,59.36861038208008,2,2,2,0,0,1.0,1.0,1.0,0.8783137735012325
97,62.17169761657715,2,2,2,0,0,1.0,1.0,1.0,0.9208948175906584
98,59.882164001464844,2,2,2,0,0,1.0,1.0,1.0,0.8779121125935135
99,61.4626407623291,2,2,2,0,0,1.0,1.0,1.0,0.9250304517914265
100,59.67259407043457,2,2,2,0,0,1.0,1.0,1.0,0.9392636059695081
101,59.26680564880371,2,2,2,0,0,1.0,1.0,1.0,0.8641002675965643
102,59.69357490539551,2,2,2,0,0,1.0,1.0,1.0,0.9067096859606407
103,62.029123306274414,2,2,2,0,0,1.0,1.0,1.0,0.916667150962267
104,59.45301055908203,2,2,2,0,0,1.0,1.0,1.0,0.914294675186429
105,61.589956283569336,2,2,2,0,0,1.0,1.0,1.0,0.9002207431355526
106,59.54265594482422,2,2,2,0,0,1.0,1.0,1.0,0.9047561185246666
107,61.32149696350098,2,2,2,0,0,1.0,1.0,1.0,0.899867265685634
108,59.807777404785156,2,2,2,0,0,1.0,1.0,1.0,0.9157241925862729
109,64.3916130065918,2,2,2,0,0,1.0,1.0,1.0,0.90899075041683
110,60.04214286804199,2,2,2,0,0,1.0,1.0,1.0,0.9087455163302014
111,59.899330139160156,2,2,2,0,0,1.0,1.0,1.0,0.9175055082352084
112,59.34882164001465,2,2,2,0,0,1.0,1.0,1.0,0.9178800891503507
113,61.8741512298584,2,2,2,0,0,1.0,1.0,1.0,0.916072764606839
114,59.699296951293945,2,2,2,0,0,1.0,1.0,1.0,0.905729456315903
115,59.96966361999512,2,2,2,0,0,1.0,1.0,1.0,0.9090563903444833
116,59.729576110839844,2,2,2,0,0,1.0,1.0,1.0,0.9127958833960493
117,59.84973907470703,2,2,2,0,0,1.0,1.0,1.0,0.9146717326228364
118,59.70287322998047,2,2,2,0,0,1.0,1.0,1.0,0.9145133428835245
119,62.35861778259277,2,2,2,0,0,1.0,1.0,1.0,0.9124539920613846
120,59.6621036529541,2,2,2,0,0,1.0,1.0,1.0,0.9137059745192285
121,59.7226619720459,2,2,2,0,0,1.0,1.0,1.0,0.9097788317443574
122,59.19528007507324,2,2,2,0,0,1.0,1.0,1.0,0.9090157891414281
123,59.99875068664551,2,2,2,0,0,1.0,1.0,1.0,0.9030141815414541
124,59.88883972167969,2,2,2,0,0,1.0,1.0,1.0,0.9194879340287424
125,60.0433349609375,2,2,2,0,0,1.0,1.0,1.0,0.9056432025510894
126,59.748172760009766,2,2,2,0,0,1.0,1.0,1.0,0.9058530156943825
127,61.818599700927734,2,2,2,0,0,1.0,1.0,1.0,0.9262166038808382
128,59.909820556640625,2,2,2,0,0,1.0,1.0,1.0,0.9080947748657857
129,61.32221221923828,2,2,2,0,0,1.0,1.0,1.0,0.921035819037803
130,59.53359603881836,2,2,2,0,0,1.0,1.0,1.0,0.9139948766059713
131,59.96108055114746,2,2,2,0,0,1.0,1.0,1.0,0.9177403022842274
132,59.85713005065918,2,2,2,0,0,1.0,1.0,1.0,0.9139727488875482
133,59.409141540527344,2,2,2,0,0,1.0,1.0,1.0,0.9091881531666945
134,59.380531311035156,2,2,2,0,0,1.0,1.0,1.0,0.9097633434950125
135,59.587955474853516,2,2,2,0,0,1.0,1.0,1.0,0.9084015278575786
136,59.59010124206543,2,2,2,0,0,1.0,1.0,1.0,0.9111534158123826
137,59.79180335998535,2,2,2,0,0,1.0,1.0,1.0,0.917743437191455
138,59.56220626831055,2,2,2,0,0,1.0,1.0,1.0,0.7677458264123302
139,61.360836029052734,2,2,2,0,0,1.0,1.0,1.0,0.9163149230751942
140,59.595584869384766,2,2,2,0,0,1.0,1.0,1.0,0.9142525173670659
141,59.597015380859375,2,2,2,0,0,1.0,1.0,1.0,0.9175472651150385
142,59.667110443115234,2,2,2,0,0,1.0,1.0,1.0,0.9111906861603283
143,59.77582931518555,2,2,2,0,0,1.0,1.0,1.0,0.9128949128339179
144,59.89193916320801,2,2,2,0,0,1.0,1.0,1.0,0.9165626421587336
145,59.43775177001953,2,2,2,0,0,1.0,1.0,1.0,0.9200302713162739
146,59.54861640930176,2,2,2,0,0,1.0,1.0,1.0,0.909643182044771
147,59.473514556884766,2,2,2,0,0,1.0,1.0,1.0,0.9152094000704146
148,59.8599910736084,2,2,2,0,0,1.0,1.0,1.0,0.8148562106078823
149,59.93390083312988,2,2,2,0,0,1.0,1.0,1.0,0.9115968998751058
150,59.40413475036621,2,2,2,0,0,1.0,1.0,1.0,0.915408204763493
151,61.32149696350098,2,2,2,0,0,1.0,1.0,1.0,0.9114438759199979
152,59.80730056762695,2,2,2,0,0,1.0,1.0,1.0,0.9041826422245582
153,61.649322509765625,2,2,2,0,0,1.0,1.0,1.0,0.9068082987201165
154,60.02950668334961,2,2,2,0,0,1.0,1.0,1.0,0.9202748743721214
155,59.6461296081543,2,2,2,0,0,1.0,1.0,1.0,0.9124781477718403
156,61.00964546203613,2,2,2,0,0,1.0,1.0,1.0,0.9107808943646887
157,59.563398361206055,2,2,2,0,0,1.0,1.0,1.0,0.9228369359768833
158,59.371232986450195,2,2,2,0,0,1.0,1.0,1.0,0.9082398632240938
159,59.85832214355469,2,2,2,0,0,1.0,1.0,1.0,0.9063185315777393
160,59.9370002746582,2,2,2,0,0,1.0,1.0,1.0,0.9062649107055343
161,60.09507179260254,2,2,2,0,0,1.0,1.0,1.0,0.9071058774784388
162,59.35549736022949,2,2,2,0,0,1.0,1.0,1.0,0.9008678721317316
163,61.87176704406738,2,2,2,0,0,1.0,1.0,1.0,0.9110405153983072
164,59.654951095581055,2,2,2,0,0,1.0,1.0,1.0,0.9194884813096711
165,61.53130531311035,2,2,2,0,0,1.0,1.0,1.0,0.9237701880984428
166,59.7529411315918,2,2,2,0,0,1.0,1.0,1.0,0.9055940316425994
167,59.65089797973633,2,2,2,0,0,1.0,1.0,1.0,0.9173225966106435
168,60.26816368103027,2,2,2,0,0,1.0,1.0,1.0,0.9116427435308729
169,59.79204177856445,2,2,2,0,0,1.0,1.0,1.0,0.9141223043871631
170,59.44418907165527,2,2,2,0,0,1.0,1.0,1.0,0.903708548043657
171,59.7233772277832,2,2,2,0,0,1.0,1.0,1.0,0.9209022124757366
172,59.45444107055664,2,2,2,0,0,1.0,1.0,1.0,0.9186297551301152
173,60.533761978149414,2,2,2,0,0,1.0,1.0,1.0,0.9005414553174712
174,59.4940185546875,2,2,2,0,0,1.0,1.0,1.0,0.9102533288298491
175,60.18185615539551,2,2,2,0,0,1.0,1.0,1.0,0.9231395129447133
176,59.42964553833008,2,2,2,0,0,1.0,1.0,1.0,0.9131969076835846
177,59.45134162902832,2,2,2,0,0,1.0,1.0,1.0,0.9138848464826479
178,59.963226318359375,2,2,2,0,0,1.0,1.0,1.0,0.9135098857069653
179,61.5544319152832,2,2,2,0,0,1.0,1.0,1.0,0.9075779781909887
180,59.58676338195801,2,2,2,0,0,1.0,1.0,1.0,0.9060467841990065
181,59.65232849121094,2,2,2,0,0,1.0,1.0,1.0,0.9012070722271819
182,59.513092041015625,2,2,2,0,0,1.0,1.0,1.0,0.9133374021891888
183,61.89250946044922,2,2,2,0,0,1.0,1.0,1.0,0.9011848951727912
184,59.62800979614258,2,2,2,0,0,1.0,1.0,1.0,0.9065831757617766
185,61.70916557312012,2,2,2,0,0,1.0,1.0,1.0,0.9160862983409939
186,63.03834915161133,2,2,2,0,0,1.0,1.0,1.0,0.9075466457667819
187,59.70001220703125,2,2,2,0,0,1.0,1.0,1.0,0.9109417969629137
188,59.54313278198242,2,2,2,0,0,1.0,1.0,1.0,0.9236154990949677
189,61.75684928894043,2,2,2,0,0,1.0,1.0,1.0,0.90868458607153
190,59.506893157958984,2,2,2,0,0,1.0,1.0,1.0,0.9135550185173477
191,59.426307678222656,2,2,2,0,0,1.0,1.0,1.0,0.911400239035365
192,59.52143669128418,2,2,2,0,0,1.0,1.0,1.0,0.913081259145
193,62.230825424194336,2,2,2,0,0,1.0,1.0,1.0,0.915656084383619
194,59.91315841674805,2,2,2,0,0,1.0,1.0,1.0,0.9239455607015143
195,59.93175506591797,2,2,2,0,0,1.0,1.0,1.0,0.919100798478808
196,59.88931655883789,2,2,2,0,0,1.0,1.0,1.0,0.8766550335981387
197,64.99218940734863,3,3,3,0,0,1.0,1.0,1.0,0.8638905475776618
198,59.439897537231445,2,2,2,0,0,1.0,1.0,1.0,0.9326708892495748
199,61.54918670654297,2,2,2,0,0,1.0,1.0,1.0,0.9317102399876103
200,59.53693389892578,2,2,2,0,0,1.0,1.0,1.0,0.9361806496039564
201,59.70644950866699,2,2,2,0,0,1.0,1.0,1.0,0.9436169591654433
202,55.27377128601074,1,1,1,0,0,1.0,1.0,1.0,0.9647618088339625
